_id,email,name,userType,hasChanged
6612f67fe10537e70a816a06,utammadge0@jimdo.com,Urbano Tammadge,Admin,TRUE
6612f67fe10537e70a816a07,gleeson1@nhs.uk,Gabriel Leeson,Employee,FALSE
6612f67fe10537e70a816a08,ostuckow2@chronoengine.com,Oswell Stuckow,Intern,FALSE
6612f67fe10537e70a816a09,ndonovan3@parallels.com,Norean Donovan,Intern,TRUE
6612f67fe10537e70a816a0a,ovinick4@multiply.com,Ophelia Vinick,Admin,TRUE
6612f67fe10537e70a816a0b,kgraeber5@google.com,Klaus Graeber,Intern,FALSE
6612f67fe10537e70a816a0c,rnaisby6@msn.com,Riley Naisby,Employee,FALSE
6612f67fe10537e70a816a0d,jbarnett7@sfgate.com,Jorie Barnett,Employee,TRUE
6612f67fe10537e70a816a0e,cswanborrow8@state.tx.us,Court Swanborrow,Employee,TRUE
6612f67fe10537e70a816a0f,msadgrove9@nsw.gov.au,Myrvyn Sadgrove,Employee,FALSE
6612f67fe10537e70a816a10,fgainsburgha@paypal.com,Franky Gainsburgh,Admin,TRUE
6612f67fe10537e70a816a11,rcasirolib@java.com,Reynard Casiroli,Employee,TRUE
6612f67fe10537e70a816a12,rtenchc@google.pl,Randy Tench,Intern,TRUE
6612f67fe10537e70a816a13,cgodlipd@bloomberg.com,Carmelina Godlip,Admin,TRUE
6612f67fe10537e70a816a14,preede@bluehost.com,Pavia Reed,Intern,TRUE
6612f67fe10537e70a816a15,efergussonf@msu.edu,Eugine Fergusson,Intern,TRUE
6612f67fe10537e70a816a16,aberng@symantec.com,Adela Bern,Admin,TRUE
6612f67fe10537e70a816a17,vdanbrookh@trellian.com,Vera Danbrook,Employee,FALSE
6612f67fe10537e70a816a18,amcgregori@hugedomains.com,Audra McGregor,Admin,FALSE
6612f67fe10537e70a816a19,kpetrelluzzij@ovh.net,Kristina Petrelluzzi,Intern,TRUE
6612f67fe10537e70a816a1a,vtennisonk@statcounter.com,Valerie Tennison,Employee,FALSE
6612f67fe10537e70a816a1b,acochel@wisc.edu,Alvie Coche,Admin,FALSE
6612f67fe10537e70a816a1c,dstratzm@sourceforge.net,Dorothee Stratz,Intern,FALSE
6612f67fe10537e70a816a1d,jphilippardn@slashdot.org,Job Philippard,Intern,TRUE
6612f67fe10537e70a816a1e,mbeardmoreo@wordpress.com,Moira Beardmore,Intern,FALSE
6612f67fe10537e70a816a1f,mpynnp@npr.org,Mayor Pynn,Employee,FALSE
6612f67fe10537e70a816a20,ekohtlerq@virginia.edu,Ernst Kohtler,Employee,FALSE
6612f67fe10537e70a816a21,oparsallr@addtoany.com,Onida Parsall,Admin,FALSE
6612f67fe10537e70a816a22,darrighis@hibu.com,Dev Arrighi,Employee,TRUE
6612f67fe10537e70a816a23,lbolderot@artisteer.com,Lee Boldero,Admin,TRUE
6612f67fe10537e70a816a24,jdrewesu@boston.com,Jameson Drewes,Intern,FALSE
6612f67fe10537e85f4fe229,kgallawayv@youtube.com,Kayle Gallaway,Intern,FALSE
6612f67fe10537e85f4fe22a,pveartw@guardian.co.uk,Phyllys Veart,Admin,FALSE
6612f67fe10537e85f4fe22b,byedallx@google.com.br,Bartolomeo Yedall,Employee,TRUE
6612f67fe10537e85f4fe22c,fcourtonney@hibu.com,Floyd Courtonne,Employee,TRUE
6612f67fe10537e85f4fe22d,vblighz@woothemes.com,Verney Bligh,Intern,FALSE
6612f67fe10537e85f4fe22e,mdunkerton10@microsoft.com,Martynne Dunkerton,Employee,FALSE
6612f67fe10537e85f4fe22f,mhalse11@cmu.edu,Marsiella Halse,Intern,FALSE
6612f67fe10537e85f4fe230,kpetrak12@edublogs.org,Koressa Petrak,Intern,TRUE
6612f67fe10537e85f4fe231,ejeves13@drupal.org,Eleanore Jeves,Employee,FALSE
6612f67fe10537e85f4fe232,hstorry14@cyberchimps.com,Hammad Storry,Intern,TRUE
6612f67fe10537e85f4fe233,gdurno15@nsw.gov.au,Gherardo Durno,Employee,FALSE
6612f67fe10537e85f4fe234,bomalley16@yellowpages.com,Beau O'Malley,Intern,FALSE
6612f67fe10537e85f4fe235,yamorts17@spotify.com,Yvor Amorts,Employee,TRUE
6612f67fe10537e85f4fe236,afilkov18@360.cn,Adey Filkov,Intern,FALSE
6612f67fe10537e85f4fe237,dpatise19@illinois.edu,Danna Patise,Intern,TRUE
6612f67fe10537e85f4fe238,btenniswood1a@hubpages.com,Broddy Tenniswood,Employee,FALSE
6612f67fe10537e85f4fe239,mind1b@angelfire.com,Minna Ind,Employee,TRUE
6612f67fe10537e85f4fe23a,lmagill1c@wp.com,Lynea Magill,Intern,FALSE
6612f67fe10537e85f4fe23b,adelmage1d@rakuten.co.jp,Adara Delmage,Employee,FALSE
6612f67fe10537e85f4fe23c,tbullivent1e@uiuc.edu,Toddie Bullivent,Employee,TRUE
6612f67fe10537e85f4fe23d,sandrejs1f@microsoft.com,Sephira Andrejs,Intern,TRUE
6612f67fe10537e85f4fe23e,akelsey1g@cmu.edu,Asa Kelsey,Intern,TRUE
6612f67fe10537e85f4fe23f,chapps1h@netvibes.com,Cornela Happs,Admin,FALSE
6612f67fe10537e85f4fe240,kmellers1i@bluehost.com,Katharina Mellers,Intern,TRUE
6612f67fe10537e85f4fe241,agreeson1j@state.gov,Abra Greeson,Intern,TRUE
6612f67fe10537e85f4fe242,bclemenzi1k@friendfeed.com,Barnie Clemenzi,Employee,TRUE
6612f67fe10537e85f4fe243,pbryce1l@nature.com,Patricia Bryce,Employee,FALSE
6612f67fe10537e85f4fe244,rpardey1m@yale.edu,Ricoriki Pardey,Intern,TRUE
6612f67fe10537e85f4fe245,kjuckes1n@shop-pro.jp,Kaia Juckes,Employee,TRUE
6612f67fe10537e85f4fe246,ttunbridge1o@etsy.com,Tate Tunbridge,Intern,TRUE
6612f67fe10537e85f4fe247,pkilbourn1p@telegraph.co.uk,Pam Kilbourn,Intern,TRUE
6612f67fe10537e7916b9f59,ddesporte1q@geocities.com,Dewey Desporte,Employee,FALSE
6612f67fe10537e7916b9f5a,jmckeighan1r@etsy.com,Jody McKeighan,Employee,FALSE
6612f67fe10537e7916b9f5b,tbrumbie1s@uiuc.edu,Thacher Brumbie,Employee,TRUE
6612f67fe10537e7916b9f5c,tharwell1t@eventbrite.com,Trixy Harwell,Intern,TRUE
6612f67fe10537e7916b9f5d,kdagwell1u@princeton.edu,Karon Dagwell,Admin,TRUE
6612f67fe10537e7916b9f5e,mferras1v@qq.com,Madelon Ferras,Employee,FALSE
6612f67fe10537e7916b9f5f,abermingham1w@uiuc.edu,Ariana Bermingham,Employee,TRUE
6612f67fe10537e7916b9f60,hbanke1x@timesonline.co.uk,Hadley Banke,Employee,FALSE
6612f67fe10537e7916b9f61,whaseldine1y@scribd.com,Wynnie Haseldine,Intern,TRUE
6612f67fe10537e7916b9f62,jrayer1z@webnode.com,Joli Rayer,Intern,FALSE
6612f67fe10537e7916b9f63,pgimblet20@usgs.gov,Pauletta Gimblet,Employee,TRUE
6612f67fe10537e7916b9f64,cszwandt21@ezinearticles.com,Cullie Szwandt,Employee,TRUE
6612f67fe10537e7916b9f65,bevens22@purevolume.com,Britt Evens,Intern,TRUE
6612f67fe10537e7916b9f66,mglazzard23@walmart.com,Melitta Glazzard,Employee,FALSE
6612f67fe10537e7916b9f67,mmccalister24@imageshack.us,Minnaminnie McCalister,Employee,FALSE
6612f67fe10537e7916b9f68,rmizen25@com.com,Regen Mizen,Intern,TRUE
6612f67fe10537e7916b9f69,lkillen26@washingtonpost.com,Lawrence Killen,Admin,TRUE
6612f67fe10537e7916b9f6a,njohann27@japanpost.jp,Nero Johann,Employee,TRUE
6612f67fe10537e7916b9f6b,ntaffurelli28@rambler.ru,Nertie Taffurelli,Intern,TRUE
6612f67fe10537e7916b9f6c,kcrichley29@china.com.cn,Keane Crichley,Employee,FALSE
6612f67fe10537e7916b9f6d,htrustie2a@cpanel.net,Hube Trustie,Employee,TRUE
6612f67fe10537e7916b9f6e,fsaltmarsh2b@usda.gov,Fair Saltmarsh,Employee,TRUE
6612f67fe10537e7916b9f6f,eassiter2c@multiply.com,Edee Assiter,Employee,FALSE
6612f67fe10537e7916b9f70,zwildber2d@dailymotion.com,Zitella Wildber,Admin,TRUE
6612f67fe10537e7916b9f71,apolack2e@canalblog.com,Anneliese Polack,Employee,FALSE
6612f67fe10537e7916b9f72,rblachford2f@webnode.com,Rollie Blachford,Admin,TRUE
6612f67fe10537e7916b9f73,dbilson2g@tuttocitta.it,Delinda Bilson,Intern,TRUE
6612f67fe10537e7916b9f74,ndorney2h@who.int,Nealy Dorney,Employee,FALSE
6612f67fe10537e7916b9f75,rbraams2i@cdc.gov,Rebeca Braams,Employee,FALSE
6612f67fe10537e7916b9f76,kfranzettoini2j@biglobe.ne.jp,Kaile Franzettoini,Intern,TRUE
6612f67fe10537e7916b9f77,chumphris2k@unc.edu,Cecelia Humphris,Intern,FALSE
6612f67fe10537e8c57ab161,bpetriello2l@g.co,Berry Petriello,Employee,FALSE
6612f67fe10537e8c57ab162,ragnew2m@seesaa.net,Romy Agnew,Employee,TRUE
6612f67fe10537e8c57ab163,bmarkie2n@discovery.com,Bevan Markie,Intern,FALSE
6612f67fe10537e8c57ab164,abrockington2o@bloglines.com,Annie Brockington,Employee,TRUE
6612f67fe10537e8c57ab165,jclinkard2p@ebay.co.uk,Jacquenetta Clinkard,Intern,FALSE
6612f67fe10537e8c57ab166,khenrot2q@google.com.hk,Kissee Henrot,Admin,TRUE
6612f67fe10537e8c57ab167,ngollop2r@redcross.org,Nat Gollop,Employee,TRUE
6612f67fe10537e8c57ab168,acino2s@state.tx.us,Alon Cino,Employee,TRUE
6612f67fe10537e8c57ab169,rkoles2t@virginia.edu,Reina Koles,Intern,TRUE
6612f67fe10537e8c57ab16a,csuggate2u@soundcloud.com,Chelsea Suggate,Intern,TRUE
6612f67fe10537e8c57ab16b,mwakeley2v@technorati.com,Marlane Wakeley,Admin,FALSE
6612f67fe10537e8c57ab16c,dgilstin2w@google.com.au,Danni Gilstin,Admin,TRUE
6612f67fe10537e8c57ab16d,vbudibent2x@qq.com,Valentin Budibent,Employee,FALSE
6612f67fe10537e8c57ab16e,mgaveltone2y@si.edu,Martguerita Gaveltone,Employee,TRUE
6612f67fe10537e8c57ab16f,vlardier2z@reference.com,Viviyan Lardier,Employee,TRUE
6612f67fe10537e8c57ab170,mzecchetti30@unc.edu,Melba Zecchetti,Intern,FALSE
6612f67fe10537e8c57ab171,cfillgate31@cbslocal.com,Cherice Fillgate,Intern,FALSE
6612f67fe10537e8c57ab172,cinsko32@issuu.com,Clotilda Insko,Intern,FALSE
6612f67fe10537e8c57ab173,rselburn33@feedburner.com,Ruthanne Selburn,Employee,FALSE
6612f67fe10537e8c57ab174,imathivon34@feedburner.com,Ian Mathivon,Employee,TRUE
6612f67fe10537e8c57ab175,lbauduccio35@over-blog.com,Leilah Bauduccio,Employee,FALSE
6612f67fe10537e8c57ab176,amcgavigan36@sun.com,Almire McGavigan,Intern,TRUE
6612f67fe10537e8c57ab177,rbrooks37@bloglovin.com,Renelle Brooks,Employee,FALSE
6612f67fe10537e8c57ab178,vboyes38@answers.com,Viki Boyes,Intern,TRUE
6612f67fe10537e8c57ab179,gcrus39@jugem.jp,Glori Crus,Intern,FALSE
6612f67fe10537e8c57ab17a,fmcbrier3a@economist.com,Franzen McBrier,Employee,TRUE
6612f67fe10537e8c57ab17b,dhawson3b@bbb.org,Damita Hawson,Admin,TRUE
6612f67fe10537e8c57ab17c,abendare3c@tamu.edu,Adel Bendare,Intern,TRUE
6612f67fe10537e8c57ab17d,nbulleyn3d@google.es,Nerte Bulleyn,Employee,FALSE
6612f67fe10537e8c57ab17e,fgabala3e@bizjournals.com,Filmer Gabala,Admin,FALSE
6612f67fe10537e8c57ab17f,carnaldo3f@cyberchimps.com,Clayborne Arnaldo,Employee,TRUE
6612f67fe10537e83cb671f2,awrout3g@chicagotribune.com,Ainslee Wrout,Intern,TRUE
6612f67fe10537e83cb671f3,kmacalpin3h@wordpress.org,Kory MacAlpin,Intern,FALSE
6612f67fe10537e83cb671f4,mmustoo3i@go.com,Myrle Mustoo,Intern,TRUE
6612f67fe10537e83cb671f5,wshoorbrooke3j@patch.com,Wallie Shoorbrooke,Intern,TRUE
6612f67fe10537e83cb671f6,fpower3k@wiley.com,Franky Power,Intern,FALSE
6612f67fe10537e83cb671f7,adominy3l@ox.ac.uk,Alastair Dominy,Intern,FALSE
6612f67fe10537e83cb671f8,jmckellen3m@imgur.com,Janeta McKellen,Intern,FALSE
6612f67fe10537e83cb671f9,ldanilishin3n@unesco.org,Lonni Danilishin,Intern,FALSE
6612f67fe10537e83cb671fa,dvan3o@sourceforge.net,Derby Van Driel,Admin,TRUE
6612f67fe10537e83cb671fb,kreeme3p@pinterest.com,Kean Reeme,Employee,TRUE
6612f67fe10537e83cb671fc,isilverwood3q@vimeo.com,Imelda Silverwood,Admin,TRUE
6612f67fe10537e83cb671fd,jde3r@cocolog-nifty.com,Johanna De Giorgis,Employee,FALSE
6612f67fe10537e83cb671fe,abegbie3s@cdc.gov,Ambur Begbie,Intern,TRUE
6612f67fe10537e83cb671ff,kvalencia3t@sciencedaily.com,Kelci Valencia,Employee,FALSE
6612f67fe10537e83cb67200,darlt3u@baidu.com,Domingo Arlt,Intern,FALSE
6612f67fe10537e83cb67201,tlecordier3v@etsy.com,Terrye Lecordier,Employee,FALSE
6612f67fe10537e83cb67202,etichner3w@constantcontact.com,Elvera Tichner,Employee,FALSE
6612f67fe10537e83cb67203,wjanse3x@thetimes.co.uk,Werner Janse,Employee,TRUE
6612f67fe10537e83cb67204,mde3y@msn.com,Maiga De Launde,Intern,TRUE
6612f67fe10537e83cb67205,ncolomb3z@washington.edu,Ninette Colomb,Intern,FALSE
6612f67fe10537e83cb67206,ksteven40@independent.co.uk,Kelsi Steven,Intern,FALSE
6612f67fe10537e83cb67207,trolley41@shinystat.com,Thor Rolley,Employee,FALSE
6612f67fe10537e83cb67208,akrinks42@nytimes.com,Alla Krinks,Intern,TRUE
6612f67fe10537e83cb67209,dmaccole43@sohu.com,Dione MacCole,Employee,FALSE
6612f67fe10537e83cb6720a,jpapps44@youtube.com,Jaquelyn Papps,Admin,FALSE
6612f67fe10537e83cb6720b,twhitby45@godaddy.com,Torey Whitby,Employee,TRUE
6612f67fe10537e83cb6720c,csoames46@webs.com,Carlita Soames,Employee,FALSE
6612f67fe10537e83cb6720d,gmacpeake47@whitehouse.gov,Gwenora MacPeake,Admin,FALSE
6612f67fe10537e83cb6720e,baronovich48@cbc.ca,Boycey Aronovich,Intern,FALSE
6612f67fe10537e83cb6720f,rkiff49@fotki.com,Regan Kiff,Intern,FALSE
6612f67fe10537e83cb67210,fpurselowe4a@smugmug.com,Fraser Purselowe,Employee,TRUE
6612f67fe10537e83e6ca286,krayburn4b@digg.com,Kevon Rayburn,Intern,TRUE
6612f67fe10537e83e6ca287,gkelcher4c@msn.com,Giuditta Kelcher,Employee,TRUE
6612f67fe10537e83e6ca288,mdrinkel4d@boston.com,Maressa Drinkel,Employee,FALSE
6612f67fe10537e83e6ca289,lcantera4e@loc.gov,Leonid Cantera,Intern,TRUE
6612f67fe10537e83e6ca28a,ddurnill4f@altervista.org,Dulce Durnill,Admin,TRUE
6612f67fe10537e83e6ca28b,esigart4g@webmd.com,Emmerich Sigart,Employee,TRUE
6612f67fe10537e83e6ca28c,mbarkway4h@telegraph.co.uk,Marcelia Barkway,Employee,FALSE
6612f67fe10537e83e6ca28d,mredd4i@imgur.com,Marguerite Redd,Employee,TRUE
6612f67fe10537e83e6ca28e,amandifield4j@posterous.com,Addie Mandifield,Employee,TRUE
6612f67fe10537e83e6ca28f,wayce4k@friendfeed.com,Woodie Ayce,Intern,FALSE
6612f67fe10537e83e6ca290,mpo4l@gravatar.com,Mariska Po,Employee,FALSE
6612f67fe10537e83e6ca291,osturgess4m@washingtonpost.com,Odelia Sturgess,Intern,FALSE
6612f67fe10537e83e6ca292,tlelande4n@thetimes.co.uk,Thadeus Lelande,Intern,TRUE
6612f67fe10537e83e6ca293,dbrood4o@exblog.jp,Dory Brood,Admin,FALSE
6612f67fe10537e83e6ca294,livison4p@gravatar.com,Lia Ivison,Employee,FALSE
6612f67fe10537e83e6ca295,wwilles4q@instagram.com,Winston Willes,Employee,TRUE
6612f67fe10537e83e6ca296,tjerson4r@blogger.com,Tildi Jerson,Employee,FALSE
6612f67fe10537e83e6ca297,mcelli4s@domainmarket.com,Madlen Celli,Admin,FALSE
6612f67fe10537e83e6ca298,dplowell4t@odnoklassniki.ru,Davey Plowell,Intern,FALSE
6612f67fe10537e83e6ca299,mperillo4u@foxnews.com,Margot Perillo,Admin,TRUE
6612f67fe10537e83e6ca29a,owalwood4v@barnesandnoble.com,Ofella Walwood,Admin,FALSE
6612f67fe10537e83e6ca29b,tdolan4w@cornell.edu,Torry Dolan,Admin,TRUE
6612f67fe10537e83e6ca29c,ltuttle4x@liveinternet.ru,Lorrin Tuttle,Employee,TRUE
6612f67fe10537e83e6ca29d,bjudkins4y@barnesandnoble.com,Bea Judkins,Employee,TRUE
6612f67fe10537e83e6ca29e,kmacmenamy4z@live.com,Keelby MacMenamy,Admin,FALSE
6612f67fe10537e83e6ca29f,crehor50@economist.com,Caryn Rehor,Admin,FALSE
6612f67fe10537e83e6ca2a0,nmitcheson51@instagram.com,Nessie Mitcheson,Admin,FALSE
6612f67fe10537e83e6ca2a1,larmit52@sakura.ne.jp,Lamar Armit,Employee,FALSE
6612f67fe10537e83e6ca2a2,tbirdwhistle53@51.la,Trevor Birdwhistle,Intern,TRUE
6612f67fe10537e83e6ca2a3,tanger54@yale.edu,Trescha Anger,Employee,TRUE
6612f67fe10537e83e6ca2a4,ghoudmont55@telegraph.co.uk,Ginnie Houdmont,Intern,TRUE
6612f67fe10537e8928bbd03,rbertholin56@uol.com.br,Richmond Bertholin,Employee,FALSE
6612f67fe10537e8928bbd04,wgirth57@discuz.net,Woodie Girth,Intern,TRUE
6612f67fe10537e8928bbd05,wkynnd58@godaddy.com,Willamina Kynnd,Employee,TRUE
6612f67fe10537e8928bbd06,dticehurst59@engadget.com,Darnell Ticehurst,Intern,FALSE
6612f67fe10537e8928bbd07,nlilburne5a@unblog.fr,Norby Lilburne,Employee,TRUE
6612f67fe10537e8928bbd08,nplewman5b@baidu.com,Normie Plewman,Employee,TRUE
6612f67fe10537e8928bbd09,hworsall5c@npr.org,Herminia Worsall,Intern,TRUE
6612f67fe10537e8928bbd0a,aconstantinou5d@symantec.com,Albertina Constantinou,Intern,FALSE
6612f67fe10537e8928bbd0b,bwyne5e@businessweek.com,Baxy Wyne,Intern,FALSE
6612f67fe10537e8928bbd0c,chemphill5f@gizmodo.com,Chester Hemphill,Intern,FALSE
6612f67fe10537e8928bbd0d,bmacmorland5g@geocities.com,Burk MacMorland,Admin,FALSE
6612f67fe10537e8928bbd0e,ctoombs5h@reddit.com,Chrysa Toombs,Employee,FALSE
6612f67fe10537e8928bbd0f,knineham5i@disqus.com,Klement Nineham,Intern,FALSE
6612f67fe10537e8928bbd10,twalework5j@cbsnews.com,Tracey Walework,Employee,FALSE
6612f67fe10537e8928bbd11,hchipp5k@unblog.fr,Hendrick Chipp,Intern,FALSE
6612f67fe10537e8928bbd12,rlossman5l@toplist.cz,Ryann Lossman,Intern,FALSE
6612f67fe10537e8928bbd13,ccarlesi5m@blogtalkradio.com,Cleveland Carlesi,Intern,TRUE
6612f67fe10537e8928bbd14,ccunniam5n@ucoz.ru,Clarice Cunniam,Admin,FALSE
6612f67fe10537e8928bbd15,rquibell5o@biblegateway.com,Reginauld Quibell,Employee,FALSE
6612f67fe10537e8928bbd16,pelderidge5p@amazon.com,Peter Elderidge,Employee,TRUE
6612f67fe10537e8928bbd17,nsiddele5q@baidu.com,Natasha Siddele,Intern,FALSE
6612f67fe10537e8928bbd18,sliggens5r@hhs.gov,Simona Liggens,Employee,TRUE
6612f67fe10537e8928bbd19,lbetonia5s@booking.com,Louis Betonia,Admin,TRUE
6612f67fe10537e8928bbd1a,elatehouse5t@sfgate.com,Ernaline Latehouse,Employee,FALSE
6612f67fe10537e8928bbd1b,boffener5u@google.co.jp,Berrie Offener,Employee,TRUE
6612f67fe10537e8928bbd1c,hpeery5v@utexas.edu,Hans Peery,Employee,FALSE
6612f67fe10537e8928bbd1d,ischnieder5w@shinystat.com,Ilka Schnieder,Admin,FALSE
6612f67fe10537e8928bbd1e,divory5x@fastcompany.com,Dennis Ivory,Admin,TRUE
6612f67fe10537e8928bbd1f,bthemann5y@ameblo.jp,Bengt Themann,Intern,TRUE
6612f67fe10537e8928bbd20,lcrathorne5z@hibu.com,Lula Crathorne,Employee,FALSE
6612f67fe10537e8928bbd21,achaves60@g.co,Aleda Chaves,Employee,TRUE
6612f67fe10537e7c5210147,abayldon61@sbwire.com,Andreas Bayldon,Employee,FALSE
6612f67fe10537e7c5210148,droddam62@ucoz.ru,Dorella Roddam,Employee,TRUE
6612f67fe10537e7c5210149,msapena63@yelp.com,Marrissa Sapena,Intern,TRUE
6612f67fe10537e7c521014a,rbrownsell64@slideshare.net,Rosemaria Brownsell,Intern,TRUE
6612f67fe10537e7c521014b,scabera65@opera.com,Sampson Cabera,Employee,TRUE
6612f67fe10537e7c521014c,jcleaves66@prnewswire.com,Janie Cleaves,Intern,FALSE
6612f67fe10537e7c521014d,hklasing67@bigcartel.com,Hailey Klasing,Employee,TRUE
6612f67fe10537e7c521014e,pgrissett68@ucoz.com,Patrick Grissett,Employee,TRUE
6612f67fe10537e7c521014f,cmoresby69@paginegialle.it,Corella Moresby,Intern,FALSE
6612f67fe10537e7c5210150,acathenod6a@jalbum.net,Alyson Cathenod,Intern,FALSE
6612f67fe10537e7c5210151,etindle6b@abc.net.au,Elberta Tindle,Employee,TRUE
6612f67fe10537e7c5210152,ccund6c@myspace.com,Cesar Cund,Employee,FALSE
6612f67fe10537e7c5210153,bsnasdell6d@google.com.au,Brion Snasdell,Intern,TRUE
6612f67fe10537e7c5210154,cyardy6e@issuu.com,Cornell Yardy,Employee,TRUE
6612f67fe10537e7c5210155,jlearman6f@cisco.com,Jake Learman,Employee,FALSE
6612f67fe10537e7c5210156,lmizen6g@digg.com,Lorry Mizen,Intern,FALSE
6612f67fe10537e7c5210157,mkynder6h@g.co,Marilin Kynder,Employee,FALSE
6612f67fe10537e7c5210158,nlesaunier6i@ebay.co.uk,Norbert Lesaunier,Employee,TRUE
6612f67fe10537e7c5210159,jshoppee6j@google.com.au,Jocelyne Shoppee,Intern,TRUE
6612f67fe10537e7c521015a,hbenedicte6k@timesonline.co.uk,Horatio Benedicte,Intern,FALSE
6612f67fe10537e7c521015b,lnoury6l@123-reg.co.uk,Lincoln Noury,Employee,FALSE
6612f67fe10537e7c521015c,sellam6m@nps.gov,Siana Ellam,Employee,FALSE
6612f67fe10537e7c521015d,cgoldthorp6n@nyu.edu,Case Goldthorp,Employee,FALSE
6612f67fe10537e7c521015e,tsandell6o@narod.ru,Tildy Sandell,Employee,FALSE
6612f67fe10537e7c521015f,wparsonage6p@t.co,Wandis Parsonage,Employee,FALSE
6612f67fe10537e7c5210160,hhembrow6q@nps.gov,Hettie Hembrow,Employee,TRUE
6612f67fe10537e7c5210161,lhannah6r@technorati.com,Livia Hannah,Employee,TRUE
6612f67fe10537e7c5210162,lpoxson6s@yahoo.co.jp,Lucilia Poxson,Admin,FALSE
6612f67fe10537e7c5210163,uhenfre6t@g.co,Ursulina Henfre,Admin,TRUE
6612f67fe10537e7c5210164,jcrumpe6u@domainmarket.com,Jaymie Crumpe,Admin,TRUE
6612f67fe10537e7c5210165,hmartinson6v@google.nl,Hashim Martinson,Intern,FALSE
6612f67fe10537e71b41a800,eivanyushkin6w@ebay.com,Elora Ivanyushkin,Intern,TRUE
6612f67fe10537e71b41a801,wlawey6x@comsenz.com,Wainwright Lawey,Intern,TRUE
6612f67fe10537e71b41a802,abugby6y@deviantart.com,Ailey Bugby,Employee,FALSE
6612f67fe10537e71b41a803,apawel6z@wisc.edu,Adoree Pawel,Intern,TRUE
6612f67fe10537e71b41a804,amerry70@admin.ch,Alfreda Merry,Employee,TRUE
6612f67fe10537e71b41a805,ifiddymont71@paypal.com,Irwinn Fiddymont,Admin,FALSE
6612f67fe10537e71b41a806,cchallens72@multiply.com,Christiano Challens,Employee,FALSE
6612f67fe10537e71b41a807,alushey73@yandex.ru,Alasteir Lushey,Employee,TRUE
6612f67fe10537e71b41a808,nyanukhin74@slate.com,Neill Yanukhin,Intern,FALSE
6612f67fe10537e71b41a809,lcribbin75@bbc.co.uk,Lou Cribbin,Employee,FALSE
6612f67fe10537e71b41a80a,sshakespear76@soundcloud.com,Sigfried Shakespear,Employee,FALSE
6612f67fe10537e71b41a80b,grotlauf77@ebay.com,Gavin Rotlauf,Intern,FALSE
6612f67fe10537e71b41a80c,mdoughtery78@free.fr,Mac Doughtery,Employee,TRUE
6612f67fe10537e71b41a80d,rcorinton79@plala.or.jp,Rhett Corinton,Admin,FALSE
6612f67fe10537e71b41a80e,rkinleyside7a@prlog.org,Ruddy Kinleyside,Intern,TRUE
6612f67fe10537e71b41a80f,tgrummitt7b@last.fm,Trev Grummitt,Employee,FALSE
6612f67fe10537e71b41a810,mfosserd7c@constantcontact.com,Marlena Fosserd,Intern,TRUE
6612f67fe10537e71b41a811,cashby7d@adobe.com,Caren Ashby,Employee,FALSE
6612f67fe10537e71b41a812,cservante7e@epa.gov,Caprice Servante,Employee,FALSE
6612f67fe10537e71b41a813,chabercham7f@mapy.cz,Caspar Habercham,Admin,FALSE
6612f67fe10537e71b41a814,rgaw7g@free.fr,Rene Gaw,Intern,TRUE
6612f67fe10537e71b41a815,gbeckhouse7h@google.com.au,Giorgi Beckhouse,Employee,TRUE
6612f67fe10537e71b41a816,tdomenc7i@independent.co.uk,Taddeo Domenc,Intern,TRUE
6612f67fe10537e71b41a817,elewknor7j@wix.com,Ev Lewknor,Employee,FALSE
6612f67fe10537e71b41a818,gograda7k@amazon.com,Gerhardine O'Grada,Admin,TRUE
6612f67fe10537e71b41a819,tgillease7l@auda.org.au,Tab Gillease,Admin,TRUE
6612f67fe10537e71b41a81a,dfallens7m@comcast.net,Debera Fallens,Intern,FALSE
6612f67fe10537e71b41a81b,dde7n@webnode.com,Dione de Pinna,Intern,TRUE
6612f67fe10537e71b41a81c,fduffield7o@parallels.com,Filberte Duffield,Intern,FALSE
6612f67fe10537e71b41a81d,dmueller7p@webmd.com,Delmor Mueller,Employee,FALSE
6612f67fe10537e71b41a81e,blouedey7q@ucla.edu,Berte Louedey,Intern,FALSE
6612f67fe10537e8a3bcef05,ctwelve7r@phpbb.com,Ceciley Twelve,Intern,TRUE
6612f67fe10537e8a3bcef06,mnabbs7s@addtoany.com,Melinde Nabbs,Employee,TRUE
6612f67fe10537e8a3bcef07,bwyllie7t@geocities.com,Brucie Wyllie,Admin,FALSE
6612f67fe10537e8a3bcef08,gimpey7u@bravesites.com,Garwood Impey,Employee,FALSE
6612f67fe10537e8a3bcef09,mcanavan7v@baidu.com,Maximilian Canavan,Admin,FALSE
6612f67fe10537e8a3bcef0a,ejearum7w@google.co.uk,Elvera Jearum,Intern,FALSE
6612f67fe10537e8a3bcef0b,lstapele7x@pen.io,Luce Stapele,Intern,FALSE
6612f67fe10537e8a3bcef0c,khudless7y@patch.com,Karla Hudless,Intern,FALSE
6612f67fe10537e8a3bcef0d,bpepperell7z@scientificamerican.com,Benedetto Pepperell,Employee,TRUE
6612f67fe10537e8a3bcef0e,sbonick80@dedecms.com,Scottie Bonick,Intern,FALSE
6612f67fe10537e8a3bcef0f,santrobus81@squarespace.com,Sherrie Antrobus,Employee,TRUE
6612f67fe10537e8a3bcef10,dwhyley82@mapquest.com,Dal Whyley,Admin,FALSE
6612f67fe10537e8a3bcef11,pfrissell83@uol.com.br,Penelope Frissell,Intern,TRUE
6612f67fe10537e8a3bcef12,hmacenzy84@pbs.org,Herb Macenzy,Employee,FALSE
6612f67fe10537e8a3bcef13,aaffleck85@usda.gov,Axe Affleck,Employee,TRUE
6612f67fe10537e8a3bcef14,aponceford86@jigsy.com,Ara Ponceford,Employee,FALSE
6612f67fe10537e8a3bcef15,cosorio87@newyorker.com,Christos Osorio,Intern,TRUE
6612f67fe10537e8a3bcef16,gmcmoyer88@amazon.co.uk,Gabrila McMoyer,Employee,FALSE
6612f67fe10537e8a3bcef17,amulryan89@ovh.net,Ameline Mulryan,Admin,TRUE
6612f67fe10537e8a3bcef18,lkyffin8a@wikispaces.com,Lesley Kyffin,Intern,FALSE
6612f67fe10537e8a3bcef19,nvaliant8b@twitpic.com,Nealy Valiant,Admin,FALSE
6612f67fe10537e8a3bcef1a,plabat8c@google.fr,Pasquale Labat,Intern,TRUE
6612f67fe10537e8a3bcef1b,csturley8d@acquirethisname.com,Christian Sturley,Admin,FALSE
6612f67fe10537e8a3bcef1c,dcrawshay8e@hexun.com,Dody Crawshay,Admin,FALSE
6612f67fe10537e8a3bcef1d,rhing8f@studiopress.com,Rickie Hing,Intern,TRUE
6612f67fe10537e8a3bcef1e,egrowcock8g@slate.com,Ellsworth Growcock,Intern,FALSE
6612f67fe10537e8a3bcef1f,abilson8h@dailymotion.com,Aila Bilson,Employee,FALSE
6612f67fe10537e8a3bcef20,bjelfs8i@mayoclinic.com,Bailey Jelfs,Employee,TRUE
6612f67fe10537e8a3bcef21,clightwing8j@imgur.com,Cristal Lightwing,Employee,FALSE
6612f67fe10537e8a3bcef22,cwaycot8k@gravatar.com,Chrystal Waycot,Employee,TRUE
6612f67fe10537e8a3bcef23,mmushart8l@biblegateway.com,Miller Mushart,Admin,TRUE
6612f67fe10537e8b1b75d81,zmacilwrick8m@chron.com,Zsazsa MacIlwrick,Employee,FALSE
6612f67fe10537e8b1b75d82,ncrotty8n@issuu.com,Neville Crotty,Employee,TRUE
6612f67fe10537e8b1b75d83,tboc8o@miibeian.gov.cn,Towney Boc,Admin,TRUE
6612f67fe10537e8b1b75d84,tmcilhone8p@npr.org,Thatcher McIlhone,Employee,TRUE
6612f67fe10537e8b1b75d85,fdemonge8q@odnoklassniki.ru,Fabiano Demonge,Admin,TRUE
6612f67fe10537e8b1b75d86,gsive8r@skype.com,Garfield Sive,Employee,TRUE
6612f67fe10537e8b1b75d87,cpalmby8s@si.edu,Corny Palmby,Intern,FALSE
6612f67fe10537e8b1b75d88,rbuggy8t@indiatimes.com,Rogerio Buggy,Employee,FALSE
6612f67fe10537e8b1b75d89,bjoerning8u@vinaora.com,Benedetto Joerning,Admin,FALSE
6612f67fe10537e8b1b75d8a,dluckey8v@nps.gov,Dyane Luckey,Employee,TRUE
6612f67fe10537e8b1b75d8b,lnalder8w@dedecms.com,Lauryn Nalder,Intern,TRUE
6612f67fe10537e8b1b75d8c,lselbie8x@bigcartel.com,Lek Selbie,Admin,TRUE
6612f67fe10537e8b1b75d8d,nbatman8y@photobucket.com,Norry Batman,Intern,TRUE
6612f67fe10537e8b1b75d8e,ntytherton8z@flavors.me,Northrop Tytherton,Admin,TRUE
6612f67fe10537e8b1b75d8f,cpalliser90@github.com,Culver Palliser,Admin,FALSE
6612f67fe10537e8b1b75d90,wbradbury91@phoca.cz,Wolfie Bradbury,Admin,FALSE
6612f67fe10537e8b1b75d91,pgroombridge92@scientificamerican.com,Paxton Groombridge,Admin,FALSE
6612f67fe10537e8b1b75d92,nsporrij93@51.la,Niles Sporrij,Employee,TRUE
6612f67fe10537e8b1b75d93,asnelgar94@discovery.com,Adrianna Snelgar,Intern,TRUE
6612f67fe10537e8b1b75d94,bworsham95@constantcontact.com,Beulah Worsham,Employee,TRUE
6612f67fe10537e8b1b75d95,gchessil96@ifeng.com,Graham Chessil,Intern,TRUE
6612f67fe10537e8b1b75d96,cgaspar97@sourceforge.net,Carita Gaspar,Employee,FALSE
6612f67fe10537e8b1b75d97,gattenborrow98@japanpost.jp,Guido Attenborrow,Admin,FALSE
6612f67fe10537e8b1b75d98,dgazzard99@51.la,Dolph Gazzard,Intern,FALSE
6612f67fe10537e8b1b75d99,jgoldhill9a@walmart.com,Janelle Goldhill,Employee,TRUE
6612f67fe10537e8b1b75d9a,csaddington9b@surveymonkey.com,Charmion Saddington,Employee,TRUE
6612f67fe10537e8b1b75d9b,rfetherston9c@dyndns.org,Rollins Fetherston,Admin,FALSE
6612f67fe10537e8b1b75d9c,cstanger9d@blogtalkradio.com,Carlin Stanger,Employee,TRUE
6612f67fe10537e8b1b75d9d,cglanvill9e@php.net,Cam Glanvill,Admin,FALSE
6612f67fe10537e8b1b75d9e,felsop9f@wikispaces.com,Fraze Elsop,Intern,FALSE
6612f67fe10537e8b1b75d9f,cpavolini9g@dmoz.org,Camila Pavolini,Intern,TRUE
6612f67fe10537e6c405f5cf,elavis9h@dropbox.com,Evvy Lavis,Admin,TRUE
6612f67fe10537e6c405f5d0,msoppit9i@techcrunch.com,Marje Soppit,Admin,FALSE
6612f67fe10537e6c405f5d1,egrimsditch9j@nba.com,Elmore Grimsditch,Employee,TRUE
6612f67fe10537e6c405f5d2,totson9k@devhub.com,Theresina Otson,Employee,TRUE
6612f67fe10537e6c405f5d3,mwalklate9l@si.edu,Madeleine Walklate,Intern,TRUE
6612f67fe10537e6c405f5d4,kglasman9m@earthlink.net,Kat Glasman,Employee,TRUE
6612f67fe10537e6c405f5d5,ckinnerk9n@altervista.org,Caroljean Kinnerk,Intern,TRUE
6612f67fe10537e6c405f5d6,nsellen9o@addthis.com,Nancee Sellen,Admin,FALSE
6612f67fe10537e6c405f5d7,aperren9p@blogger.com,Ailey Perren,Admin,FALSE
6612f67fe10537e6c405f5d8,dmummery9q@feedburner.com,Davita Mummery,Employee,FALSE
6612f67fe10537e6c405f5d9,snovik9r@smh.com.au,Shel Novik,Employee,TRUE
6612f67fe10537e6c405f5da,mdoucette9s@phpbb.com,Miles Doucette,Intern,FALSE
6612f67fe10537e6c405f5db,nsweeting9t@vkontakte.ru,Netta Sweeting,Intern,FALSE
6612f67fe10537e6c405f5dc,molenechan9u@rakuten.co.jp,Minne O'Lenechan,Intern,TRUE
6612f67fe10537e6c405f5dd,dcrummay9v@parallels.com,Delphine Crummay,Admin,FALSE
6612f67fe10537e6c405f5de,rmetherell9w@marketwatch.com,Rem Metherell,Intern,FALSE
6612f67fe10537e6c405f5df,kjobes9x@cisco.com,Kennedy Jobes,Employee,TRUE
6612f67fe10537e6c405f5e0,ckittel9y@eepurl.com,Cristiano Kittel,Employee,TRUE
6612f67fe10537e6c405f5e1,flivzey9z@jiathis.com,Flora Livzey,Employee,FALSE
6612f67fe10537e6c405f5e2,msherburna0@example.com,Morly Sherburn,Employee,TRUE
6612f67fe10537e6c405f5e3,lpitneya1@dell.com,Lanna Pitney,Intern,TRUE
6612f67fe10537e6c405f5e4,tboseleya2@intel.com,Tonia Boseley,Employee,FALSE
6612f67fe10537e6c405f5e5,bchessona3@mediafire.com,Brooke Chesson,Intern,TRUE
6612f67fe10537e6c405f5e6,iconwella4@amazon.de,Iosep Conwell,Employee,FALSE
6612f67fe10537e6c405f5e7,mspearmana5@businessweek.com,Maury Spearman,Admin,FALSE
6612f67fe10537e6c405f5e8,pmeriota6@phpbb.com,Patrica Meriot,Intern,FALSE
6612f67fe10537e6c405f5e9,geasthama7@google.com,Gabby Eastham,Employee,FALSE
6612f67fe10537e6c405f5ea,srenarda8@bloglovin.com,Simmonds Renard,Intern,TRUE
6612f67fe10537e6c405f5eb,ndowda9@csmonitor.com,Nerissa Dowd,Employee,TRUE
6612f67fe10537e6c405f5ec,oshouldersaa@icio.us,Olympia Shoulders,Admin,FALSE
6612f67fe10537e6c405f5ed,dlakemanab@mayoclinic.com,Dominga Lakeman,Intern,FALSE
6612f67fe10537e770365f9f,pbaxterac@wp.com,Page Baxter,Employee,FALSE
6612f67fe10537e770365fa0,rdicksonad@europa.eu,Rasla Dickson,Employee,TRUE
6612f67fe10537e770365fa1,hholdinae@bloglovin.com,Herman Holdin,Intern,TRUE
6612f67fe10537e770365fa2,morletonaf@printfriendly.com,Madelyn Orleton,Admin,TRUE
6612f67fe10537e770365fa3,llamploughag@cyberchimps.com,Leighton Lamplough,Intern,FALSE
6612f67fe10537e770365fa4,jsurmeyerah@goo.ne.jp,Johnna Surmeyer,Intern,TRUE
6612f67fe10537e770365fa5,cperinai@friendfeed.com,Corrianne Perin,Intern,TRUE
6612f67fe10537e770365fa6,glaylandaj@state.tx.us,Griffith Layland,Employee,FALSE
6612f67fe10537e770365fa7,lmarginsonak@de.vu,Liuka Marginson,Intern,TRUE
6612f67fe10537e770365fa8,noxfordal@seesaa.net,Naomi Oxford,Employee,TRUE
6612f67fe10537e770365fa9,ktrigwellam@china.com.cn,Kaylee Trigwell,Employee,TRUE
6612f67fe10537e770365faa,csimoesan@ycombinator.com,Corette Simoes,Intern,TRUE
6612f67fe10537e770365fab,elaugheranao@qq.com,Evangeline Laugheran,Employee,FALSE
6612f67fe10537e770365fac,wemilienap@etsy.com,Warner Emilien,Admin,TRUE
6612f67fe10537e770365fad,glodemannaq@blinklist.com,Garrick Lodemann,Admin,TRUE
6612f67fe10537e770365fae,rwederellar@boston.com,Rea Wederell,Intern,FALSE
6612f67fe10537e770365faf,cclotworthyas@rakuten.co.jp,Corrianne Clotworthy,Employee,FALSE
6612f67fe10537e770365fb0,lbarnettat@comsenz.com,Ludvig Barnett,Employee,FALSE
6612f67fe10537e770365fb1,rmcdougalau@google.com.hk,Rona McDougal,Intern,FALSE
6612f67fe10537e770365fb2,cgovierav@google.fr,Curran Govier,Intern,FALSE
6612f67fe10537e770365fb3,jheskinsaw@theatlantic.com,Jazmin Heskins,Employee,TRUE
6612f67fe10537e770365fb4,uvanniniax@google.nl,Ulysses Vannini,Intern,FALSE
6612f67fe10537e770365fb5,yhestropay@usgs.gov,Yulma Hestrop,Employee,FALSE
6612f67fe10537e770365fb6,sdollmanaz@google.pl,Sharlene Dollman,Intern,TRUE
6612f67fe10537e770365fb7,zbrantzenb0@drupal.org,Zonnya Brantzen,Admin,TRUE
6612f67fe10537e770365fb8,rboddyb1@t.co,Rogers Boddy,Admin,TRUE
6612f67fe10537e770365fb9,fbantockb2@wikia.com,Fallon Bantock,Employee,FALSE
6612f67fe10537e770365fba,vswinfordb3@google.cn,Veronica Swinford,Employee,TRUE
6612f67fe10537e770365fbb,sruddellb4@miitbeian.gov.cn,Sianna Ruddell,Employee,FALSE
6612f67fe10537e770365fbc,dbeadnallb5@nature.com,Delmar Beadnall,Employee,FALSE
6612f67fe10537e770365fbd,fquittondenb6@livejournal.com,Frederica Quittonden,Intern,TRUE
6612f67fe10537e7c2855928,gpreshousb7@rambler.ru,Garold Preshous,Employee,FALSE
6612f67fe10537e7c2855929,readyb8@networksolutions.com,Rowney Eady,Intern,FALSE
6612f67fe10537e7c285592a,bwibrowb9@rakuten.co.jp,Bertie Wibrow,Intern,FALSE
6612f67fe10537e7c285592b,gchaplainba@google.es,Gilligan Chaplain,Admin,TRUE
6612f67fe10537e7c285592c,bdarragonbb@hhs.gov,Benny Darragon,Admin,FALSE
6612f67fe10537e7c285592d,dmalenfantbc@hostgator.com,Dela Malenfant,Admin,FALSE
6612f67fe10537e7c285592e,chaslenbd@weebly.com,Carce Haslen,Employee,TRUE
6612f67fe10537e7c285592f,jmannersbe@alexa.com,Jeromy Manners,Employee,TRUE
6612f67fe10537e7c2855930,vmutlowbf@delicious.com,Vally Mutlow,Intern,TRUE
6612f67fe10537e7c2855931,edarbishirebg@dailymail.co.uk,Evelina Darbishire,Intern,FALSE
6612f67fe10537e7c2855932,mmackissackbh@yahoo.co.jp,Maiga MacKissack,Intern,FALSE
6612f67fe10537e7c2855933,jpikettbi@macromedia.com,Jesse Pikett,Employee,FALSE
6612f67fe10537e7c2855934,mcamoisbj@columbia.edu,Moyra Camois,Intern,TRUE
6612f67fe10537e7c2855935,febbsbk@ed.gov,Frankie Ebbs,Employee,FALSE
6612f67fe10537e7c2855936,pdrifebl@list-manage.com,Parker Drife,Admin,TRUE
6612f67fe10537e7c2855937,tarraultbm@wordpress.org,Tristam Arrault,Intern,FALSE
6612f67fe10537e7c2855938,bkettlesingbn@indiatimes.com,Banky Kettlesing,Employee,TRUE
6612f67fe10537e7c2855939,kmasserbo@biblegateway.com,Kevon Masser,Intern,FALSE
6612f67fe10537e7c285593a,qbennetonbp@jigsy.com,Quintina Benneton,Intern,TRUE
6612f67fe10537e7c285593b,hbrumfieldbq@yelp.com,Hall Brumfield,Employee,FALSE
6612f67fe10537e7c285593c,gkilgallonbr@zdnet.com,Giustina Kilgallon,Employee,TRUE
6612f67fe10537e7c285593d,lpickersgillbs@photobucket.com,Leesa Pickersgill,Admin,TRUE
6612f67fe10537e7c285593e,cmangambt@blogs.com,Cyrus Mangam,Employee,FALSE
6612f67fe10537e7c285593f,sdalebu@imageshack.us,Sampson Dale,Employee,FALSE
6612f67fe10537e7c2855940,ejoinseybv@samsung.com,Eward Joinsey,Intern,TRUE
6612f67fe10537e7c2855941,cfillerybw@sogou.com,Chrisy Fillery,Intern,TRUE
6612f67fe10537e7c2855942,sbaudreybx@microsoft.com,Sidonia Baudrey,Employee,FALSE
6612f67fe10537e7c2855943,ssantoriby@prlog.org,Skylar Santori,Intern,TRUE
6612f67fe10537e7c2855944,nbaudaccibz@blogtalkradio.com,Norrie Baudacci,Admin,FALSE
6612f67fe10537e7c2855945,ejeandeauc0@list-manage.com,Ellynn Jeandeau,Admin,TRUE
6612f67fe10537e7c2855946,kdelafoyc1@blinklist.com,Kermit Delafoy,Employee,TRUE
6612f67fe10537e841ea2b53,cbergstrandc2@sphinn.com,Caterina Bergstrand,Admin,FALSE
6612f67fe10537e841ea2b54,tscurrerc3@51.la,Tallou Scurrer,Intern,TRUE
6612f67fe10537e841ea2b55,mdobinsonc4@netlog.com,Margarete Dobinson,Intern,FALSE
6612f67fe10537e841ea2b56,charcec5@senate.gov,Carissa Harce,Employee,TRUE
6612f67fe10537e841ea2b57,abarleyc6@cornell.edu,Arnoldo Barley,Intern,FALSE
6612f67fe10537e841ea2b58,gshanahanc7@addthis.com,Grove Shanahan,Admin,FALSE
6612f67fe10537e841ea2b59,crockcliffec8@about.com,Correy Rockcliffe,Employee,FALSE
6612f67fe10537e841ea2b5a,dtrobeyc9@cnet.com,Damian Trobey,Employee,TRUE
6612f67fe10537e841ea2b5b,ogaffonca@skype.com,Ozzy Gaffon,Intern,FALSE
6612f67fe10537e841ea2b5c,bbouchiercb@mozilla.com,Brandy Bouchier,Intern,TRUE
6612f67fe10537e841ea2b5d,ghawkecc@multiply.com,Gordon Hawke,Employee,FALSE
6612f67fe10537e841ea2b5e,csimondscd@utexas.edu,Cindy Simonds,Admin,TRUE
6612f67fe10537e841ea2b5f,bmccomiskiece@hp.com,Betta McComiskie,Admin,FALSE
6612f67fe10537e841ea2b60,jgranvillecf@tripadvisor.com,Jean Granville,Employee,FALSE
6612f67fe10537e841ea2b61,dhardinghamcg@cloudflare.com,Davon Hardingham,Employee,TRUE
6612f67fe10537e841ea2b62,jspurriorch@cisco.com,Jada Spurrior,Intern,TRUE
6612f67fe10537e841ea2b63,wjoesburyci@domainmarket.com,Warner Joesbury,Employee,TRUE
6612f67fe10537e841ea2b64,esearstoncj@pbs.org,Ewell Searston,Employee,TRUE
6612f67fe10537e841ea2b65,sthorsenck@wsj.com,Shaine Thorsen,Employee,TRUE
6612f67fe10537e841ea2b66,wriddlesdencl@google.pl,Winonah Riddlesden,Employee,FALSE
6612f67fe10537e841ea2b67,abiggarcm@goo.gl,Andros Biggar,Intern,TRUE
6612f67fe10537e841ea2b68,epatinkincn@latimes.com,Elvina Patinkin,Intern,FALSE
6612f67fe10537e841ea2b69,fmewrcikco@hexun.com,Frasquito Mewrcik,Intern,FALSE
6612f67fe10537e841ea2b6a,fmaffiacp@biblegateway.com,Francoise Maffia,Employee,TRUE
6612f67fe10537e841ea2b6b,swhenhamcq@thetimes.co.uk,Salmon Whenham,Employee,TRUE
6612f67fe10537e841ea2b6c,rhaversumcr@arizona.edu,Rriocard Haversum,Employee,FALSE
6612f67fe10537e841ea2b6d,dpashbeecs@ucla.edu,Del Pashbee,Employee,TRUE
6612f67fe10537e841ea2b6e,hspatct@mac.com,Holmes Spat,Employee,FALSE
6612f67fe10537e841ea2b6f,rmckerroncu@e-recht24.de,Rowena McKerron,Employee,TRUE
6612f67fe10537e841ea2b70,slattercv@imgur.com,Sofie Latter,Employee,TRUE
6612f67fe10537e841ea2b71,ntolertoncw@simplemachines.org,Normand Tolerton,Admin,TRUE
6612f67fe10537e7a67f3c39,nmccx@macromedia.com,Noe Mc Combe,Intern,TRUE
6612f67fe10537e7a67f3c3a,abuyerscy@addthis.com,Abby Buyers,Admin,TRUE
6612f67fe10537e7a67f3c3b,fstapellscz@ning.com,Felisha Stapells,Employee,FALSE
6612f67fe10537e7a67f3c3c,eroncad0@theglobeandmail.com,Everard Ronca,Admin,FALSE
6612f67fe10537e7a67f3c3d,bnorthoverd1@imageshack.us,Barbette Northover,Intern,TRUE
6612f67fe10537e7a67f3c3e,rcrosettod2@bizjournals.com,Ricky Crosetto,Employee,TRUE
6612f67fe10537e7a67f3c3f,mpimlottd3@whitehouse.gov,Mariya Pimlott,Employee,TRUE
6612f67fe10537e7a67f3c40,ialliotd4@unicef.org,Ingeberg Alliot,Intern,TRUE
6612f67fe10537e7a67f3c41,csattefordd5@flickr.com,Cameron Satteford,Employee,TRUE
6612f67fe10537e7a67f3c42,bwadied6@imageshack.us,Brand Wadie,Intern,FALSE
6612f67fe10537e7a67f3c43,bdwired7@cloudflare.com,Barde Dwire,Employee,FALSE
6612f67fe10537e7a67f3c44,dbarrouxd8@sbwire.com,Danny Barroux,Intern,FALSE
6612f67fe10537e7a67f3c45,lguerreaud9@springer.com,Leonardo Guerreau,Admin,FALSE
6612f67fe10537e7a67f3c46,anovotneda@w3.org,Alick Novotne,Employee,FALSE
6612f67fe10537e7a67f3c47,mpodb@wsj.com,Maddie Po,Employee,TRUE
6612f67fe10537e7a67f3c48,rcollinettedc@yahoo.co.jp,Reid Collinette,Intern,FALSE
6612f67fe10537e7a67f3c49,dsporedd@buzzfeed.com,Danica Spore,Intern,FALSE
6612f67fe10537e7a67f3c4a,bhyndmande@umich.edu,Betsey Hyndman,Intern,FALSE
6612f67fe10537e7a67f3c4b,fpiddletowndf@simplemachines.org,Ferne Piddletown,Employee,FALSE
6612f67fe10537e7a67f3c4c,wbrainedg@lycos.com,Whitney Braine,Employee,FALSE
6612f67fe10537e7a67f3c4d,ccholonindh@businessinsider.com,Christos Cholonin,Employee,FALSE
6612f67fe10537e7a67f3c4e,cpitchforddi@who.int,Carce Pitchford,Employee,TRUE
6612f67fe10537e7a67f3c4f,jbanasikdj@hibu.com,Jammie Banasik,Employee,FALSE
6612f67fe10537e7a67f3c50,kdooleydk@hibu.com,Kelbee Dooley,Employee,FALSE
6612f67fe10537e7a67f3c51,gmaudlendl@nba.com,Gwenneth Maudlen,Employee,FALSE
6612f67fe10537e7a67f3c52,bsangsterdm@ox.ac.uk,Brina Sangster,Admin,FALSE
6612f67fe10537e7a67f3c53,vhandlingdn@ning.com,Vitia Handling,Employee,FALSE
6612f67fe10537e7a67f3c54,aczaplado@moonfruit.com,Anabelle Czapla,Intern,FALSE
6612f67fe10537e7a67f3c55,dhabensdp@sina.com.cn,Demetris Habens,Admin,TRUE
6612f67fe10537e7a67f3c56,rblazadq@is.gd,Rowan Blaza,Intern,FALSE
6612f67fe10537e7a67f3c57,mbettydr@theguardian.com,Melisa Betty,Intern,TRUE
6612f67fe10537e82b6ef50b,fmeehands@spotify.com,Fran Meehan,Intern,FALSE
6612f67fe10537e82b6ef50c,ibrattendt@is.gd,Immanuel Bratten,Employee,FALSE
6612f67fe10537e82b6ef50d,bangeldu@google.es,Brenda Angel,Employee,FALSE
6612f67fe10537e82b6ef50e,screavendv@themeforest.net,Sly Creaven,Employee,TRUE
6612f67fe10537e82b6ef50f,kchessordw@unblog.fr,Keary Chessor,Intern,FALSE
6612f67fe10537e82b6ef510,gslymandx@mlb.com,Gregory Slyman,Intern,FALSE
6612f67fe10537e82b6ef511,kcumeskydy@elegantthemes.com,Kevon Cumesky,Intern,FALSE
6612f67fe10537e82b6ef512,lraggattdz@paginegialle.it,Lanette Raggatt,Employee,TRUE
6612f67fe10537e82b6ef513,cburchfielde0@unblog.fr,Ches Burchfield,Intern,FALSE
6612f67fe10537e82b6ef514,tvankine1@joomla.org,Tatiania Vankin,Intern,TRUE
6612f67fe10537e82b6ef515,egozzarde2@google.com.au,Emilio Gozzard,Employee,TRUE
6612f67fe10537e82b6ef516,cmacwhirtere3@elegantthemes.com,Cornelle MacWhirter,Intern,FALSE
6612f67fe10537e82b6ef517,eworsnipe4@webs.com,Ernst Worsnip,Admin,TRUE
6612f67fe10537e82b6ef518,friboue5@digg.com,Franny Ribou,Employee,TRUE
6612f67fe10537e82b6ef519,haguirree6@state.tx.us,Horton Aguirre,Intern,FALSE
6612f67fe10537e82b6ef51a,jogleviee7@shutterfly.com,Jerrilee Oglevie,Intern,TRUE
6612f67fe10537e82b6ef51b,fbelke8@youku.com,Fredric Belk,Admin,TRUE
6612f67fe10537e82b6ef51c,rchurchousee9@aboutads.info,Rolfe Churchouse,Intern,TRUE
6612f67fe10537e82b6ef51d,vadamovichea@netvibes.com,Valdemar Adamovich,Intern,FALSE
6612f67fe10537e82b6ef51e,mphilippeauxeb@phpbb.com,Modesta Philippeaux,Employee,TRUE
6612f67fe10537e82b6ef51f,mpackec@nymag.com,Michelina Pack,Intern,TRUE
6612f67fe10537e82b6ef520,mdeancyed@livejournal.com,Marius de'-Ancy Willis,Employee,TRUE
6612f67fe10537e82b6ef521,rhogganee@webs.com,Ronny Hoggan,Employee,TRUE
6612f67fe10537e82b6ef522,cglisaneef@sakura.ne.jp,Costanza Glisane,Employee,FALSE
6612f67fe10537e82b6ef523,jmcmanamaneg@bloomberg.com,Jerri Mcmanaman,Intern,FALSE
6612f67fe10537e82b6ef524,maldhouseh@ftc.gov,Marylin Aldhous,Intern,TRUE
6612f67fe10537e82b6ef525,mmartinettoei@microsoft.com,Monique Martinetto,Employee,TRUE
6612f67fe10537e82b6ef526,qjanosevicej@moonfruit.com,Quentin Janosevic,Admin,TRUE
6612f67fe10537e82b6ef527,viveryek@amazonaws.com,Vonni Ivery,Intern,FALSE
6612f67fe10537e82b6ef528,frubinlichtel@xrea.com,Fredrika Rubinlicht,Intern,TRUE
6612f67fe10537e82b6ef529,lfranckem@fema.gov,Lorry Franck,Employee,FALSE
6612f67fe10537e80c7b841d,cwoodwarden@whitehouse.gov,Claudell Woodward,Employee,FALSE
6612f67fe10537e80c7b841e,cgostridgeeo@whitehouse.gov,Clement Gostridge,Intern,TRUE
6612f67fe10537e80c7b841f,cocaineep@salon.com,Claresta O'Caine,Admin,TRUE
6612f67fe10537e80c7b8420,ldanilcheveq@ask.com,Luelle Danilchev,Employee,TRUE
6612f67fe10537e80c7b8421,cskoateer@google.ca,Clayton Skoate,Employee,TRUE
6612f67fe10537e80c7b8422,ssherwilles@craigslist.org,Sylvia Sherwill,Intern,TRUE
6612f67fe10537e80c7b8423,cgiacobilioet@vimeo.com,Clarice Giacobilio,Admin,FALSE
6612f67fe10537e80c7b8424,ahustlereu@paypal.com,Alverta Hustler,Intern,FALSE
6612f67fe10537e80c7b8425,csawerev@seattletimes.com,Catha Sawer,Employee,TRUE
6612f67fe10537e80c7b8426,pbudgettew@examiner.com,Patty Budgett,Admin,TRUE
6612f67fe10537e80c7b8427,mscuseex@shinystat.com,Merci Scuse,Intern,FALSE
6612f67fe10537e80c7b8428,dkristufekey@aol.com,Desdemona Kristufek,Intern,FALSE
6612f67fe10537e80c7b8429,rleeceez@spotify.com,Reine Leece,Admin,TRUE
6612f67fe10537e80c7b842a,aphittiplacef0@unesco.org,Amalle Phittiplace,Intern,TRUE
6612f67fe10537e80c7b842b,mdif1@mediafire.com,Milzie Di Dello,Admin,FALSE
6612f67fe10537e80c7b842c,tmodenf2@rediff.com,Tull Moden,Employee,FALSE
6612f67fe10537e80c7b842d,fsonscheinf3@prlog.org,Franklyn Sonschein,Admin,FALSE
6612f67fe10537e80c7b842e,vturrif4@house.gov,Virgie Turri,Admin,FALSE
6612f67fe10537e80c7b842f,rbaskeyfieldf5@wikimedia.org,Ronnica Baskeyfield,Employee,TRUE
6612f67fe10537e80c7b8430,tholsonf6@chicagotribune.com,Tilda Holson,Admin,TRUE
6612f67fe10537e80c7b8431,cgroutf7@jalbum.net,Cordelie Grout,Employee,FALSE
6612f67fe10537e80c7b8432,kwandlessf8@nba.com,Kevyn Wandless,Employee,TRUE
6612f67fe10537e80c7b8433,hventonf9@netscape.com,Herman Venton,Employee,FALSE
6612f67fe10537e80c7b8434,keckhfa@prlog.org,Karoline Eckh,Intern,FALSE
6612f67fe10537e80c7b8435,adanielsohnfb@dailymotion.com,Archer Danielsohn,Intern,FALSE
6612f67fe10537e80c7b8436,emalthusfc@illinois.edu,Elbert Malthus,Employee,FALSE
6612f67fe10537e80c7b8437,rkensettfd@shinystat.com,Rozina Kensett,Intern,TRUE
6612f67fe10537e80c7b8438,dhardinghamfe@samsung.com,Deva Hardingham,Intern,TRUE
6612f67fe10537e80c7b8439,trummeryff@theguardian.com,Tonie Rummery,Employee,FALSE
6612f67fe10537e80c7b843a,ebeynkefg@myspace.com,Enrichetta Beynke,Intern,FALSE
6612f67fe10537e80c7b843b,nbraitlingfh@huffingtonpost.com,Nye Braitling,Employee,TRUE
6612f67fe10537e7b003c4cb,caschefi@hugedomains.com,Claudine Asche,Intern,TRUE
6612f67fe10537e7b003c4cc,nbosenworthfj@craigslist.org,Nefen Bosenworth,Intern,FALSE
6612f67fe10537e7b003c4cd,rtimminsfk@lycos.com,Remington Timmins,Employee,TRUE
6612f67fe10537e7b003c4ce,riffefl@hexun.com,Ruggiero Iffe,Employee,TRUE
6612f67fe10537e7b003c4cf,bguidottifm@addtoany.com,Batsheva Guidotti,Employee,FALSE
6612f67fe10537e7b003c4d0,sandrichfn@time.com,Stormie Andrich,Admin,FALSE
6612f67fe10537e7b003c4d1,edoyleyfo@dell.com,Emmey D'Oyley,Employee,TRUE
6612f67fe10537e7b003c4d2,mchestlefp@mlb.com,Mattie Chestle,Employee,TRUE
6612f67fe10537e7b003c4d3,fgarrochfq@discuz.net,Freddie Garroch,Admin,TRUE
6612f67fe10537e7b003c4d4,rvanfr@netlog.com,Robby Van Baaren,Employee,FALSE
6612f67fe10537e7b003c4d5,mcanterofs@cbslocal.com,Melosa Cantero,Employee,TRUE
6612f67fe10537e7b003c4d6,dellumft@imageshack.us,Dollie Ellum,Employee,TRUE
6612f67fe10537e7b003c4d7,kartrickfu@tuttocitta.it,Kelsy Artrick,Intern,FALSE
6612f67fe10537e7b003c4d8,bmontaguefv@github.io,Beth Montague,Intern,FALSE
6612f67fe10537e7b003c4d9,cliffefw@merriam-webster.com,Chance Liffe,Intern,FALSE
6612f67fe10537e7b003c4da,hmccartfx@indiegogo.com,Harley McCart,Employee,TRUE
6612f67fe10537e7b003c4db,arogetfy@howstuffworks.com,Aymer Roget,Intern,FALSE
6612f67fe10537e7b003c4dc,pgrestefz@google.it,Putnem Greste,Employee,FALSE
6612f67fe10537e7b003c4dd,nfarthing0@vk.com,Natal Farthin,Intern,TRUE
6612f67fe10537e7b003c4de,jlamkeg1@bing.com,Jobina Lamke,Intern,FALSE
6612f67fe10537e7b003c4df,uhatherleyg2@zdnet.com,Ulrick Hatherley,Intern,FALSE
6612f67fe10537e7b003c4e0,flaurensong3@storify.com,Faun Laurenson,Intern,FALSE
6612f67fe10537e7b003c4e1,bandererg4@vistaprint.com,Birgitta Anderer,Employee,FALSE
6612f67fe10537e7b003c4e2,bduggong5@altervista.org,Bradford Duggon,Employee,TRUE
6612f67fe10537e7b003c4e3,nbartolijng6@behance.net,Naomi Bartolijn,Admin,FALSE
6612f67fe10537e7b003c4e4,apyettg7@adobe.com,Ahmed Pyett,Intern,FALSE
6612f67fe10537e7b003c4e5,llubeg8@macromedia.com,Lita Lube,Admin,TRUE
6612f67fe10537e7b003c4e6,mwaitg9@xrea.com,Moyra Wait,Admin,TRUE
6612f67fe10537e7b003c4e7,dmantzga@washingtonpost.com,Dacie Mantz,Employee,TRUE
6612f67fe10537e7b003c4e8,rloadesgb@google.es,Raine Loades,Intern,TRUE
6612f67fe10537e7b003c4e9,afootegc@flavors.me,Agnesse Foote,Intern,TRUE
6612f67fe10537e8750999a8,jmanthagd@digg.com,Janey Mantha,Employee,TRUE
6612f67fe10537e8750999a9,dspratlingge@vimeo.com,Dede Spratling,Employee,TRUE
6612f67fe10537e8750999aa,tolechnowiczgf@hexun.com,Tabbatha Olechnowicz,Intern,FALSE
6612f67fe10537e8750999ab,tcamelligg@princeton.edu,Tawnya Camelli,Intern,FALSE
6612f67fe10537e8750999ac,aghiottogh@hugedomains.com,Austine Ghiotto,Employee,TRUE
6612f67fe10537e8750999ad,kmccarlygi@hhs.gov,Kalil McCarly,Intern,FALSE
6612f67fe10537e8750999ae,lkegleygj@noaa.gov,Lanae Kegley,Intern,TRUE
6612f67fe10537e8750999af,iplumergk@netvibes.com,Inglebert Plumer,Intern,FALSE
6612f67fe10537e8750999b0,cerrowegl@freewebs.com,Ciel Errowe,Employee,TRUE
6612f67fe10537e8750999b1,voshielgm@microsoft.com,Valaria O'Shiel,Intern,TRUE
6612f67fe10537e8750999b2,tdegn@rediff.com,Tanya De Ferrari,Employee,FALSE
6612f67fe10537e8750999b3,scomussogo@gravatar.com,Suzy Comusso,Employee,FALSE
6612f67fe10537e8750999b4,mmanselgp@altervista.org,Melba Mansel,Employee,TRUE
6612f67fe10537e8750999b5,mlacasegq@apache.org,Miquela Lacase,Employee,TRUE
6612f67fe10537e8750999b6,rvangr@miibeian.gov.cn,Rachel Van Der Straaten,Intern,FALSE
6612f67fe10537e8750999b7,bhumbeygs@amazon.co.uk,Briano Humbey,Admin,TRUE
6612f67fe10537e8750999b8,mfransecogt@simplemachines.org,Mauricio Franseco,Intern,TRUE
6612f67fe10537e8750999b9,vshoesmithgu@google.ru,Virginie Shoesmith,Admin,TRUE
6612f67fe10537e8750999ba,gmachengv@disqus.com,Gallagher Machen,Intern,FALSE
6612f67fe10537e8750999bb,dcoddingtongw@yahoo.com,Deeyn Coddington,Intern,FALSE
6612f67fe10537e8750999bc,asturmeygx@wix.com,Alden Sturmey,Employee,TRUE
6612f67fe10537e8750999bd,zspinkgy@ibm.com,Zack Spink,Admin,FALSE
6612f67fe10537e8750999be,mhunegz@sourceforge.net,Milty Hune,Admin,TRUE
6612f67fe10537e8750999bf,sbavesterh0@sbwire.com,Stacee Bavester,Intern,TRUE
6612f67fe10537e8750999c0,istradlingh1@networkadvertising.org,Isaac Stradling,Intern,FALSE
6612f67fe10537e8750999c1,rknobleh2@pagesperso-orange.fr,Rakel Knoble,Employee,FALSE
6612f67fe10537e8750999c2,abehninckh3@mail.ru,Arielle Behninck,Admin,TRUE
6612f67fe10537e8750999c3,jgelderdh4@smugmug.com,Jacinta Gelderd,Intern,TRUE
6612f67fe10537e8750999c4,smccrillish5@uol.com.br,Sherline McCrillis,Intern,FALSE
6612f67fe10537e8750999c5,mguyeth6@issuu.com,Morly Guyet,Intern,FALSE
6612f67fe10537e8750999c6,khawardenh7@businesswire.com,Kari Hawarden,Intern,FALSE
6612f67fe10537e752949d45,ealdgateh8@csmonitor.com,Englebert Aldgate,Intern,FALSE
6612f67fe10537e752949d46,bgrowcockh9@stanford.edu,Barbabas Growcock,Intern,FALSE
6612f67fe10537e752949d47,kshankleha@alexa.com,Kenyon Shankle,Intern,FALSE
6612f67fe10537e752949d48,gpedleyhb@samsung.com,Guthrey Pedley,Admin,TRUE
6612f67fe10537e752949d49,sdomnickhc@mlb.com,Sula Domnick,Employee,FALSE
6612f67fe10537e752949d4a,lcoulsenhd@bloomberg.com,Louella Coulsen,Intern,TRUE
6612f67fe10537e752949d4b,pweemshe@yahoo.co.jp,Parnell Weems,Intern,TRUE
6612f67fe10537e752949d4c,bdorinhf@eepurl.com,Betteann Dorin,Employee,FALSE
6612f67fe10537e752949d4d,lcroosehg@sourceforge.net,Leah Croose,Employee,TRUE
6612f67fe10537e752949d4e,cklemencichh@simplemachines.org,Connor Klemencic,Intern,TRUE
6612f67fe10537e752949d4f,bellshi@engadget.com,Bianka Ells,Intern,TRUE
6612f67fe10537e752949d50,idonkersleyhj@baidu.com,Issi Donkersley,Employee,FALSE
6612f67fe10537e752949d51,fcodahk@biglobe.ne.jp,Florrie Coda,Intern,FALSE
6612f67fe10537e752949d52,btwinamehl@dropbox.com,Birdie Twiname,Employee,TRUE
6612f67fe10537e752949d53,cduigenanhm@indiatimes.com,Caleb Duigenan,Intern,FALSE
6612f67fe10537e752949d54,ccoddhn@deliciousdays.com,Charin Codd,Employee,FALSE
6612f67fe10537e752949d55,mfernierho@ucla.edu,Mathias Fernier,Employee,TRUE
6612f67fe10537e752949d56,oolyonovhp@wufoo.com,Orel Olyonov,Intern,FALSE
6612f67fe10537e752949d57,hgilfoyhq@hibu.com,Hallsy Gilfoy,Employee,FALSE
6612f67fe10537e752949d58,dshervilhr@seesaa.net,Daria Shervil,Intern,FALSE
6612f67fe10537e752949d59,ehegertyhs@vkontakte.ru,Eddi Hegerty,Employee,TRUE
6612f67fe10537e752949d5a,bdrewsht@themeforest.net,Bearnard Drews,Admin,TRUE
6612f67fe10537e752949d5b,nvanhu@blogger.com,Nana Van Der Straaten,Employee,TRUE
6612f67fe10537e752949d5c,igarritleyhv@github.com,Izaak Garritley,Intern,TRUE
6612f67fe10537e752949d5d,bvedekhinhw@china.com.cn,Bevon Vedekhin,Intern,FALSE
6612f67fe10537e752949d5e,mafieldhx@merriam-webster.com,Marty Afield,Admin,TRUE
6612f67fe10537e752949d5f,daustinshy@miitbeian.gov.cn,Doralynn Austins,Employee,TRUE
6612f67fe10537e752949d60,pskirvenhz@ucoz.ru,Piotr Skirven,Intern,FALSE
6612f67fe10537e752949d61,cdougali0@sourceforge.net,Carin Dougal,Admin,FALSE
6612f67fe10537e752949d62,enutoni1@is.gd,Emlyn Nuton,Intern,TRUE
6612f67fe10537e752949d63,esennetti2@wired.com,Ernestine Sennett,Employee,FALSE
6612f67fe10537e6d7ef0fb6,rlodderi3@imdb.com,Riva Lodder,Employee,TRUE
6612f67fe10537e6d7ef0fb7,jborlandi4@nyu.edu,Jorge Borland,Employee,FALSE
6612f67fe10537e6d7ef0fb8,jvasyuchovi5@illinois.edu,Jakie Vasyuchov,Employee,FALSE
6612f67fe10537e6d7ef0fb9,bcrosstoni6@ed.gov,Berta Crosston,Employee,FALSE
6612f67fe10537e6d7ef0fba,ggianninii7@japanpost.jp,Gayler Giannini,Intern,TRUE
6612f67fe10537e6d7ef0fbb,ejerdani8@drupal.org,Ethel Jerdan,Employee,TRUE
6612f67fe10537e6d7ef0fbc,lweatheralli9@pinterest.com,Lewiss Weatherall,Admin,FALSE
6612f67fe10537e6d7ef0fbd,kcasbourneia@hostgator.com,Kale Casbourne,Intern,FALSE
6612f67fe10537e6d7ef0fbe,cmacgorrieib@last.fm,Constanta MacGorrie,Admin,FALSE
6612f67fe10537e6d7ef0fbf,lanespieic@joomla.org,Lucienne Anespie,Intern,FALSE
6612f67fe10537e6d7ef0fc0,foehmeid@photobucket.com,Fernando Oehme,Employee,TRUE
6612f67fe10537e6d7ef0fc1,abruniniie@apple.com,Addison Brunini,Employee,FALSE
6612f67fe10537e6d7ef0fc2,owagerfieldif@gmpg.org,Olenolin Wagerfield,Intern,TRUE
6612f67fe10537e6d7ef0fc3,mbettisig@mayoclinic.com,Mary Bettis,Employee,FALSE
6612f67fe10537e6d7ef0fc4,mcaryih@youtube.com,Maurine Cary,Employee,FALSE
6612f67fe10537e6d7ef0fc5,cschukraftii@lycos.com,Costa Schukraft,Employee,TRUE
6612f67fe10537e6d7ef0fc6,dfoxtenij@globo.com,Donelle Foxten,Admin,TRUE
6612f67fe10537e6d7ef0fc7,mbriiginshawik@ow.ly,Mable Briiginshaw,Intern,FALSE
6612f67fe10537e6d7ef0fc8,aclemenzail@google.ca,Aridatha Clemenza,Employee,FALSE
6612f67fe10537e6d7ef0fc9,mpenwrightim@cam.ac.uk,Mersey Penwright,Intern,TRUE
6612f680e10537e6d7ef0fca,dgeorgiadesin@loc.gov,Deloria Georgiades,Employee,FALSE
6612f680e10537e6d7ef0fcb,aiacovoio@joomla.org,Arnoldo Iacovo,Employee,FALSE
6612f680e10537e6d7ef0fcc,lwakefieldip@vk.com,Lydon Wakefield,Intern,TRUE
6612f680e10537e6d7ef0fcd,lzorzenoniiq@printfriendly.com,Loralie Zorzenoni,Intern,FALSE
6612f680e10537e6d7ef0fce,gchaslesir@devhub.com,Gael Chasles,Employee,FALSE
6612f680e10537e6d7ef0fcf,gpassois@google.nl,Gianina Passo,Admin,TRUE
6612f680e10537e6d7ef0fd0,cmckimit@oaic.gov.au,Colas McKim,Employee,FALSE
6612f680e10537e6d7ef0fd1,bjorisseniu@gmpg.org,Brock Jorissen,Intern,FALSE
6612f680e10537e6d7ef0fd2,ddeiv@tiny.cc,Donnamarie de Zamora,Intern,TRUE
6612f680e10537e6d7ef0fd3,ecoppockiw@opera.com,Eunice Coppock.,Employee,TRUE
6612f680e10537e6d7ef0fd4,afoliniix@google.de,Avery Folini,Intern,FALSE
6612f67fe10537e6dda6c9b4,cmaylottiy@sfgate.com,Cathi Maylott,Admin,FALSE
6612f67fe10537e6dda6c9b5,hramasiz@scientificamerican.com,Hildegaard Ramas,Admin,TRUE
6612f67fe10537e6dda6c9b6,bfrangletonj0@europa.eu,Binnie Frangleton,Employee,TRUE
6612f67fe10537e6dda6c9b7,dsimmonitej1@vistaprint.com,Derron Simmonite,Employee,TRUE
6612f67fe10537e6dda6c9b8,lmacallenj2@cocolog-nifty.com,Loren MacAllen,Admin,TRUE
6612f67fe10537e6dda6c9b9,gbothamj3@sohu.com,Gaelan Botham,Intern,TRUE
6612f67fe10537e6dda6c9ba,hblakelockj4@home.pl,Howard Blakelock,Employee,FALSE
6612f67fe10537e6dda6c9bb,ccrewdsonj5@elpais.com,Camila Crewdson,Employee,FALSE
6612f67fe10537e6dda6c9bc,hfarninj6@netvibes.com,Hortense Farnin,Employee,FALSE
6612f67fe10537e6dda6c9bd,hgreenmanj7@prlog.org,Harwell Greenman,Employee,FALSE
6612f67fe10537e6dda6c9be,ovalentinettij8@yellowbook.com,Obed Valentinetti,Intern,FALSE
6612f67fe10537e6dda6c9bf,achristophersenj9@nbcnews.com,Angelico Christophersen,Admin,FALSE
6612f67fe10537e6dda6c9c0,smurtellja@earthlink.net,Stephanie Murtell,Employee,TRUE
6612f67fe10537e6dda6c9c1,qkobjb@cloudflare.com,Quent Kob,Employee,FALSE
6612f67fe10537e6dda6c9c2,rgurryjc@blogtalkradio.com,Ricard Gurry,Intern,TRUE
6612f67fe10537e6dda6c9c3,rhelstromjd@constantcontact.com,Rickert Helstrom,Admin,FALSE
6612f67fe10537e6dda6c9c4,akynseyje@usatoday.com,Agustin Kynsey,Admin,FALSE
6612f67fe10537e6dda6c9c5,swinspurjf@jimdo.com,Sherill Winspur,Employee,TRUE
6612f67fe10537e6dda6c9c6,plarganjg@blogger.com,Price Largan,Intern,TRUE
6612f67fe10537e6dda6c9c7,esappyjh@google.it,Enrika Sappy,Admin,FALSE
6612f67fe10537e6dda6c9c8,arawsonji@walmart.com,Alfie Rawson,Intern,TRUE
6612f67fe10537e6dda6c9c9,dgilgrystjj@thetimes.co.uk,Derek Gilgryst,Intern,FALSE
6612f67fe10537e6dda6c9ca,akilloughjk@techcrunch.com,Aurel Killough,Employee,TRUE
6612f67fe10537e6dda6c9cb,elakinjl@clickbank.net,Emmott Lakin,Employee,TRUE
6612f67fe10537e6dda6c9cc,amaultjm@tiny.cc,Aldridge Mault,Intern,TRUE
6612f67fe10537e6dda6c9cd,jaggejn@cpanel.net,Jamie Agge,Employee,TRUE
6612f67fe10537e6dda6c9ce,rbevansjo@t.co,Ruggiero Bevans,Intern,TRUE
6612f67fe10537e6dda6c9cf,skerfootjp@storify.com,Shawn Kerfoot,Intern,FALSE
6612f67fe10537e6dda6c9d0,ehulcoopjq@ow.ly,Esta Hulcoop,Intern,TRUE
6612f67fe10537e6dda6c9d1,sternjr@google.co.uk,Skippy Tern,Admin,FALSE
6612f67fe10537e6dda6c9d2,ggavinijs@biglobe.ne.jp,Geoff Gavini,Employee,FALSE
6612f67fe10537e7714b1dd3,cpurslowjt@storify.com,Carmina Purslow,Intern,FALSE
6612f67fe10537e7714b1dd4,dmacauleyju@ebay.co.uk,Donnajean Macauley,Intern,FALSE
6612f67fe10537e7714b1dd5,mnelhamsjv@mediafire.com,Mohandas Nelhams,Employee,FALSE
6612f67fe10537e7714b1dd6,pleadbitterjw@wix.com,Pippa Leadbitter,Employee,FALSE
6612f67fe10537e7714b1dd7,mpachtajx@theglobeandmail.com,Marcie Pachta,Employee,TRUE
6612f67fe10537e7714b1dd8,fmangenetjy@amazon.co.jp,Ferdinande Mangenet,Employee,TRUE
6612f67fe10537e7714b1dd9,askakunasjz@addtoany.com,Alexandros Skakunas,Intern,FALSE
6612f67fe10537e7714b1dda,epigneyk0@dell.com,Eula Pigney,Intern,TRUE
6612f67fe10537e7714b1ddb,ggreenhalfk1@ocn.ne.jp,Gale Greenhalf,Employee,FALSE
6612f67fe10537e7714b1ddc,kfronksk2@princeton.edu,Keefer Fronks,Intern,FALSE
6612f67fe10537e7714b1ddd,trosendorfk3@last.fm,Tate Rosendorf,Employee,TRUE
6612f67fe10537e7714b1dde,akahanek4@washingtonpost.com,Alfredo Kahane,Intern,FALSE
6612f67fe10537e7714b1ddf,tcochek5@buzzfeed.com,Teddi Coche,Intern,FALSE
6612f67fe10537e7714b1de0,wdenholmk6@phpbb.com,Werner Denholm,Admin,FALSE
6612f67fe10537e7714b1de1,cstoaksk7@live.com,Constantine Stoaks,Admin,FALSE
6612f67fe10537e7714b1de2,cmilak8@1688.com,Clarine Mila,Intern,TRUE
6612f67fe10537e7714b1de3,lsteelek9@stumbleupon.com,Liz Steele,Admin,FALSE
6612f67fe10537e7714b1de4,vsquibbka@1und1.de,Violet Squibb,Intern,TRUE
6612f67fe10537e7714b1de5,odekb@bing.com,Othelia de Courcy,Intern,FALSE
6612f67fe10537e7714b1de6,ecaulcottkc@lycos.com,Erin Caulcott,Employee,FALSE
6612f67fe10537e7714b1de7,arommekd@seesaa.net,Antonina Romme,Intern,TRUE
6612f67fe10537e7714b1de8,ecornellke@fastcompany.com,Eleonore Cornell,Admin,TRUE
6612f67fe10537e7714b1de9,oruppelinkf@timesonline.co.uk,Orly Ruppelin,Intern,FALSE
6612f67fe10537e7714b1dea,vsimonkg@blogs.com,Van Simon,Employee,FALSE
6612f67fe10537e7714b1deb,wtrinkekh@dmoz.org,Wilbert Trinke,Admin,TRUE
6612f67fe10537e7714b1dec,vtibbleski@a8.net,Viola Tibbles,Intern,FALSE
6612f680e10537e7714b1ded,vmackellenkj@cnet.com,Viki MacKellen,Intern,FALSE
6612f680e10537e7714b1dee,dwanderschekkk@buzzfeed.com,Dagmar Wanderschek,Admin,FALSE
6612f680e10537e7714b1def,arilstonkl@instagram.com,Arty Rilston,Admin,TRUE
6612f680e10537e7714b1df0,dcowanskm@npr.org,Del Cowans,Intern,TRUE
6612f680e10537e7714b1df1,khabardkn@hibu.com,Kristo Habard,Intern,FALSE
6612f67fe10537e72c30ff06,khueyko@networksolutions.com,Kassi Huey,Employee,TRUE
6612f67fe10537e72c30ff07,yofearguisekp@blogspot.com,Yolanda O'Fearguise,Intern,FALSE
6612f67fe10537e72c30ff08,dfryekq@usnews.com,Drake Frye,Intern,FALSE
6612f67fe10537e72c30ff09,pgalegokr@cpanel.net,Pierson Galego,Employee,FALSE
6612f67fe10537e72c30ff0a,lskyramks@hugedomains.com,Lynnelle Skyram,Admin,FALSE
6612f67fe10537e72c30ff0b,rbentickkt@twitter.com,Rosella Bentick,Employee,FALSE
6612f67fe10537e72c30ff0c,rbecerilku@prweb.com,Rodi Beceril,Admin,TRUE
6612f67fe10537e72c30ff0d,mtiltmankv@stumbleupon.com,Mano Tiltman,Intern,FALSE
6612f67fe10537e72c30ff0e,btraylenkw@about.com,Birch Traylen,Employee,TRUE
6612f67fe10537e72c30ff0f,mghionekx@dagondesign.com,Malcolm Ghione,Intern,FALSE
6612f67fe10537e72c30ff10,lmortellky@acquirethisname.com,Laney Mortell,Employee,TRUE
6612f67fe10537e72c30ff11,askipworthkz@123-reg.co.uk,Auguste Skipworth,Intern,TRUE
6612f67fe10537e72c30ff12,rneevel0@slashdot.org,Rosaline Neeve,Employee,TRUE
6612f67fe10537e72c30ff13,dhendrixl1@loc.gov,Darlene Hendrix,Intern,FALSE
6612f67fe10537e72c30ff14,ssancroftl2@opera.com,Stephen Sancroft,Admin,TRUE
6612f67fe10537e72c30ff15,cbrennanl3@vimeo.com,Corri Brennan,Employee,TRUE
6612f67fe10537e72c30ff16,lcullyl4@amazonaws.com,Lars Cully,Intern,TRUE
6612f67fe10537e72c30ff17,bcreamenl5@cbsnews.com,Blanche Creamen,Employee,FALSE
6612f67fe10537e72c30ff18,darstingalll6@ed.gov,Diego Arstingall,Employee,TRUE
6612f67fe10537e72c30ff19,jrickerbyl7@aboutads.info,Jedidiah Rickerby,Intern,FALSE
6612f67fe10537e72c30ff1a,ciacovacciol8@newyorker.com,Carmina Iacovaccio,Intern,FALSE
6612f67fe10537e72c30ff1b,jdebowl9@taobao.com,Jasmin Debow,Employee,TRUE
6612f67fe10537e72c30ff1c,vdockrellla@taobao.com,Valdemar Dockrell,Intern,FALSE
6612f67fe10537e72c30ff1d,vpovahlb@cmu.edu,Vikki Povah,Intern,FALSE
6612f67fe10537e72c30ff1e,gbellamlc@auda.org.au,Gan Bellam,Employee,FALSE
6612f67fe10537e72c30ff1f,egladbachld@army.mil,Ennis Gladbach,Employee,FALSE
6612f67fe10537e72c30ff20,hjefferiesle@epa.gov,Hughie Jefferies,Admin,TRUE
6612f67fe10537e72c30ff21,kpetrellolf@over-blog.com,Kasey Petrello,Employee,TRUE
6612f67fe10537e72c30ff22,adimitresculg@vimeo.com,Ardelle Dimitrescu,Admin,TRUE
6612f67fe10537e72c30ff23,ctoyelh@typepad.com,Charmian Toye,Admin,FALSE
6612f67fe10537e72c30ff24,fwandrackli@weather.com,Ferdinande Wandrack,Intern,TRUE
6612f67fe10537e6f9e783e9,arennelj@umn.edu,Abner Renne,Employee,TRUE
6612f67fe10537e6f9e783ea,whebblewhitelk@blogger.com,Web Hebblewhite,Intern,FALSE
6612f67fe10537e6f9e783eb,abeardonll@wiley.com,Adrien Beardon,Intern,FALSE
6612f67fe10537e6f9e783ec,obambralm@altervista.org,Oliver Bambra,Admin,FALSE
6612f67fe10537e6f9e783ed,bshillitoeln@latimes.com,Becca Shillitoe,Intern,FALSE
6612f67fe10537e6f9e783ee,mlilielo@yolasite.com,Mehetabel Lilie,Intern,FALSE
6612f67fe10537e6f9e783ef,rpothburylp@discuz.net,Robbi Pothbury,Intern,TRUE
6612f67fe10537e6f9e783f0,gthireaulq@exblog.jp,Genny Thireau,Admin,TRUE
6612f67fe10537e6f9e783f1,fkupiszlr@nyu.edu,Feodora Kupisz,Intern,FALSE
6612f67fe10537e6f9e783f2,zkittredgels@youtube.com,Zara Kittredge,Employee,TRUE
6612f67fe10537e6f9e783f3,obridelllt@google.com.hk,Opal Bridell,Intern,FALSE
6612f67fe10537e6f9e783f4,parranlu@fotki.com,Phillip Arran,Admin,FALSE
6612f67fe10537e6f9e783f5,mkinneirlv@stanford.edu,Mina Kinneir,Intern,TRUE
6612f67fe10537e6f9e783f6,mdykinslw@feedburner.com,Mala Dykins,Admin,FALSE
6612f67fe10537e6f9e783f7,rbeetleslx@house.gov,Rockwell Beetles,Admin,FALSE
6612f67fe10537e6f9e783f8,tschechterly@sogou.com,Tris Schechter,Intern,FALSE
6612f67fe10537e6f9e783f9,fphidginlz@freewebs.com,Findlay Phidgin,Admin,FALSE
6612f67fe10537e6f9e783fa,sperrottetm0@dell.com,Sherye Perrottet,Admin,FALSE
6612f67fe10537e6f9e783fb,dbydawaym1@zimbio.com,Delmor Bydaway,Employee,FALSE
6612f67fe10537e6f9e783fc,schitteym2@google.it,Sashenka Chittey,Admin,TRUE
6612f67fe10537e6f9e783fd,sjenckenm3@tripadvisor.com,Shelagh Jencken,Employee,TRUE
6612f67fe10537e6f9e783fe,rcoddingtonm4@meetup.com,Rosemarie Coddington,Admin,TRUE
6612f67fe10537e6f9e783ff,kpowneym5@businesswire.com,Kathrine Powney,Employee,FALSE
6612f67fe10537e6f9e78400,smcmeekingm6@4shared.com,Stephanie McMeeking,Intern,TRUE
6612f67fe10537e6f9e78401,hchethamm7@surveymonkey.com,Heddie Chetham,Employee,FALSE
6612f67fe10537e6f9e78402,nsansomem8@edublogs.org,Nestor Sansome,Intern,TRUE
6612f67fe10537e6f9e78403,skingslandm9@state.gov,Shaw Kingsland,Intern,TRUE
6612f67fe10537e6f9e78404,gbleimanma@npr.org,Georgianna Bleiman,Intern,TRUE
6612f67fe10537e6f9e78405,kchillistonemb@nasa.gov,Krystyna Chillistone,Employee,FALSE
6612f67fe10537e6f9e78406,tmaccardlemc@newsvine.com,Thomasa MacCardle,Employee,TRUE
6612f67fe10537e6f9e78407,kbohlinmd@microsoft.com,Kain Bohlin,Employee,TRUE
6612f67fe10537e80985c189,wwhathamme@gov.uk,Woody Whatham,Employee,TRUE
6612f67fe10537e80985c18a,moldlandmf@mit.edu,Mortie Oldland,Intern,FALSE
6612f67fe10537e80985c18b,eorrissmg@msn.com,Ettore Orriss,Admin,TRUE
6612f67fe10537e80985c18c,ckinnachmh@netscape.com,Christie Kinnach,Intern,FALSE
6612f67fe10537e80985c18d,llamminammi@jalbum.net,Lesly Lamminam,Admin,TRUE
6612f67fe10537e80985c18e,tburgesmj@forbes.com,Tomkin Burges,Admin,TRUE
6612f67fe10537e80985c18f,nmaasmk@slideshare.net,Nester Maas,Employee,FALSE
6612f67fe10537e80985c190,fblankhornml@newsvine.com,Foss Blankhorn,Intern,FALSE
6612f67fe10537e80985c191,kubsdellmm@engadget.com,Karia Ubsdell,Employee,TRUE
6612f67fe10537e80985c192,gwollersmn@hhs.gov,Garrot Wollers,Employee,TRUE
6612f67fe10537e80985c193,myesmo@phoca.cz,Marie-jeanne Yes,Admin,FALSE
6612f67fe10537e80985c194,amcimmiemp@bing.com,Archibald Mcimmie,Admin,FALSE
6612f680e10537e80985c195,cchristoumq@mapquest.com,Charis Christou,Intern,TRUE
6612f680e10537e80985c196,yroscoemr@lycos.com,Yetta Roscoe,Employee,TRUE
6612f680e10537e80985c197,ashintonms@cpanel.net,Adam Shinton,Employee,FALSE
6612f680e10537e80985c198,kgibbettmt@omniture.com,Kessia Gibbett,Intern,TRUE
6612f680e10537e80985c199,fdalwoodmu@storify.com,Frederico Dalwood,Employee,TRUE
6612f680e10537e80985c19a,irostronmv@ucoz.com,Isabeau Rostron,Intern,FALSE
6612f680e10537e80985c19b,yheaneymw@fc2.com,Yuri Heaney`,Intern,TRUE
6612f680e10537e80985c19c,tlewsymx@sakura.ne.jp,Trefor Lewsy,Intern,FALSE
6612f680e10537e80985c19d,jlardermy@auda.org.au,Janeta Larder,Intern,TRUE
6612f680e10537e80985c19e,surwenmz@sakura.ne.jp,Samuel Urwen,Admin,TRUE
6612f680e10537e80985c19f,hgerardeauxn0@sciencedaily.com,Halsey Gerardeaux,Intern,FALSE
6612f680e10537e80985c1a0,lservisn1@oaic.gov.au,Lorianna Servis,Intern,TRUE
6612f680e10537e80985c1a1,mhobelln2@google.it,Marinna Hobell,Intern,TRUE
6612f680e10537e80985c1a2,pslopiern3@msu.edu,Pasquale Slopier,Intern,FALSE
6612f680e10537e80985c1a3,kgatlinn4@youtube.com,Kitti Gatlin,Intern,FALSE
6612f680e10537e80985c1a4,nbessentn5@parallels.com,Nilson Bessent,Employee,FALSE
6612f680e10537e80985c1a5,keatockn6@rakuten.co.jp,Karlyn Eatock,Employee,FALSE
6612f680e10537e80985c1a6,cmurrigann7@jigsy.com,Candice Murrigan,Employee,TRUE
6612f680e10537e80985c1a7,jwellardn8@sakura.ne.jp,Jillie Wellard,Employee,TRUE
6612f67fe10537e73df51ea0,alambillionn9@sfgate.com,Amil Lambillion,Intern,FALSE
6612f67fe10537e73df51ea1,mpeperellna@aboutads.info,Matthus Peperell,Employee,FALSE
6612f67fe10537e73df51ea2,jplevennb@hhs.gov,Joela Pleven,Admin,TRUE
6612f67fe10537e73df51ea3,afarlandnc@opensource.org,Alex Farland,Admin,FALSE
6612f67fe10537e73df51ea4,lprend@unesco.org,Luciana Pre,Intern,TRUE
6612f67fe10537e73df51ea5,okitcherne@ovh.net,Ofelia Kitcher,Employee,TRUE
6612f67fe10537e73df51ea6,tlottenf@google.com.hk,Tabbitha Lotte,Employee,TRUE
6612f67fe10537e73df51ea7,mmcconnultyng@scientificamerican.com,Maddie McConnulty,Intern,TRUE
6612f67fe10537e73df51ea8,ptarrantnh@printfriendly.com,Patric Tarrant,Admin,TRUE
6612f67fe10537e73df51ea9,dteshni@nih.gov,Douglass Tesh,Employee,FALSE
6612f67fe10537e73df51eaa,jbrunsdonnj@microsoft.com,Jodie Brunsdon,Intern,TRUE
6612f67fe10537e73df51eab,lgoeffnk@ehow.com,Lindon Goeff,Employee,FALSE
6612f67fe10537e73df51eac,lblanningnl@salon.com,Leone Blanning,Intern,TRUE
6612f67fe10537e73df51ead,rbrownseynm@blogs.com,Rachel Brownsey,Admin,FALSE
6612f67fe10537e73df51eae,nwerndlynn@timesonline.co.uk,Northrop Werndly,Employee,FALSE
6612f67fe10537e73df51eaf,cbercherno@netvibes.com,Cordula Bercher,Employee,FALSE
6612f67fe10537e73df51eb0,mmitfordnp@vk.com,Max Mitford,Employee,FALSE
6612f67fe10537e73df51eb1,apritchittnq@taobao.com,Albie Pritchitt,Employee,FALSE
6612f67fe10537e73df51eb2,llottnr@accuweather.com,Lawrence Lott,Employee,TRUE
6612f67fe10537e73df51eb3,amcauliffens@surveymonkey.com,Andris McAuliffe,Employee,FALSE
6612f67fe10537e73df51eb4,ssheratonnt@go.com,Saunders Sheraton,Admin,TRUE
6612f67fe10537e73df51eb5,mvogellernu@yellowpages.com,Merna Vogeller,Admin,TRUE
6612f67fe10537e73df51eb6,zclausewitznv@networkadvertising.org,Zenia Clausewitz,Intern,FALSE
6612f67fe10537e73df51eb7,thartellnw@surveymonkey.com,Twila Hartell,Intern,FALSE
6612f680e10537e73df51eb8,mspinksnx@youtu.be,Misti Spinks,Intern,TRUE
6612f680e10537e73df51eb9,tanthoinny@hao123.com,Teddie Anthoin,Admin,TRUE
6612f680e10537e73df51eba,cdommnz@npr.org,Calhoun Domm,Employee,TRUE
6612f680e10537e73df51ebb,atrussello0@adobe.com,Andreas Trussell,Employee,FALSE
6612f680e10537e73df51ebc,rlearieo1@artisteer.com,Rip Learie,Intern,TRUE
6612f680e10537e73df51ebd,jlowfillo2@jugem.jp,Judith Lowfill,Intern,TRUE
6612f680e10537e73df51ebe,asteljeso3@elegantthemes.com,Arluene Steljes,Employee,TRUE
6612f67fe10537e7a3c97076,dsaltreseo4@posterous.com,Devon Saltrese,Intern,FALSE
6612f67fe10537e7a3c97077,wteaseo5@t-online.de,Wolf Tease,Intern,FALSE
6612f680e10537e7a3c97078,igidmano6@ox.ac.uk,Idalia Gidman,Employee,FALSE
6612f680e10537e7a3c97079,ddowngateo7@jigsy.com,Duffie Downgate,Employee,FALSE
6612f680e10537e7a3c9707a,frusso8@e-recht24.de,Finn Russ,Employee,FALSE
6612f680e10537e7a3c9707b,jethingtono9@deliciousdays.com,Jacki Ethington,Employee,TRUE
6612f680e10537e7a3c9707c,mbanisteroa@odnoklassniki.ru,Margie Banister,Employee,TRUE
6612f680e10537e7a3c9707d,loverellob@last.fm,Lena Overell,Employee,FALSE
6612f680e10537e7a3c9707e,cfulloc@example.com,Corabel Full,Intern,TRUE
6612f680e10537e7a3c9707f,dlearmontod@example.com,Demott Learmont,Admin,TRUE
6612f680e10537e7a3c97080,bmingayeoe@live.com,Bernardine Mingaye,Intern,TRUE
6612f680e10537e7a3c97081,wflewittof@go.com,Wald Flewitt,Employee,FALSE
6612f680e10537e7a3c97082,kalenichevog@pinterest.com,Kamillah Alenichev,Employee,TRUE
6612f680e10537e7a3c97083,dkettlesoh@woothemes.com,Dedra Kettles,Intern,TRUE
6612f680e10537e7a3c97084,mnesfieldoi@ted.com,Modesta Nesfield,Employee,FALSE
6612f680e10537e7a3c97085,bdodsworthoj@wunderground.com,Briney Dodsworth,Employee,FALSE
6612f680e10537e7a3c97086,umcgrailok@sfgate.com,Urbanus McGrail,Intern,FALSE
6612f680e10537e7a3c97087,wpyrahol@foxnews.com,Wyatan Pyrah,Intern,TRUE
6612f680e10537e7a3c97088,emanuaudom@theglobeandmail.com,Eileen Manuaud,Employee,FALSE
6612f680e10537e7a3c97089,cburnsellon@live.com,Cord Burnsell,Intern,FALSE
6612f680e10537e7a3c9708a,sreinbachoo@studiopress.com,Shayne Reinbach,Intern,TRUE
6612f680e10537e7a3c9708b,blongbothomop@home.pl,Becki Longbothom,Intern,TRUE
6612f680e10537e7a3c9708c,dwytheoq@sciencedirect.com,Dru Wythe,Intern,FALSE
6612f680e10537e7a3c9708d,remminsor@msn.com,Randi Emmins,Intern,TRUE
6612f680e10537e7a3c9708e,cmatousos@amazon.co.jp,Charmaine Matous,Employee,TRUE
6612f680e10537e7a3c9708f,rspatoniot@themeforest.net,Rip Spatoni,Employee,TRUE
6612f680e10537e7a3c97090,cedinburoughou@deliciousdays.com,Cari Edinburough,Intern,TRUE
6612f680e10537e7a3c97091,lbettleyov@tumblr.com,Lindsy Bettley,Intern,TRUE
6612f680e10537e7a3c97092,edanielisow@cargocollective.com,Ewell Danielis,Employee,TRUE
6612f680e10537e7a3c97093,spimbleyox@usa.gov,Sidonia Pimbley,Intern,TRUE
6612f680e10537e7a3c97094,rsaladinooy@adobe.com,Robb Saladino,Intern,TRUE
6612f680e10537e7e7de0490,dbilbeyoz@prweb.com,Dominique Bilbey,Employee,TRUE
6612f680e10537e7e7de0491,lfranssonp0@smh.com.au,Loraine Fransson,Intern,FALSE
6612f680e10537e7e7de0492,blibbep1@ucoz.ru,Bennie Libbe,Employee,TRUE
6612f680e10537e7e7de0493,glechellep2@1und1.de,Gilbertina Lechelle,Employee,TRUE
6612f680e10537e7e7de0494,ddep3@google.com.br,Dorry De Bernardis,Employee,TRUE
6612f680e10537e7e7de0495,ibalamp4@marriott.com,Isidor Balam,Intern,TRUE
6612f680e10537e7e7de0496,cianittellop5@ebay.co.uk,Crystal Ianittello,Employee,FALSE
6612f680e10537e7e7de0497,tninnolip6@sciencedirect.com,Tuesday Ninnoli,Employee,TRUE
6612f680e10537e7e7de0498,mdickinsp7@sakura.ne.jp,Moss Dickins,Employee,FALSE
6612f680e10537e7e7de0499,avasilikp8@nymag.com,Ariel Vasilik,Employee,TRUE
6612f680e10537e7e7de049a,lyeandelp9@oaic.gov.au,Lenna Yeandel,Intern,FALSE
6612f680e10537e7e7de049b,vmannpa@alexa.com,Vicki Mann,Intern,FALSE
6612f680e10537e7e7de049c,jgrigautpb@forbes.com,Joseito Grigaut,Admin,TRUE
6612f680e10537e7e7de049d,emoukespc@networkadvertising.org,Elbertina Moukes,Intern,FALSE
6612f680e10537e7e7de049e,dpolleyepd@whitehouse.gov,Dniren Polleye,Admin,TRUE
6612f680e10537e7e7de049f,cbartolomape@technorati.com,Cort Bartoloma,Admin,TRUE
6612f680e10537e7e7de04a0,mmangenotpf@github.com,Marcelo Mangenot,Employee,TRUE
6612f680e10537e7e7de04a1,mwoolampg@census.gov,Marietta Woolam,Intern,FALSE
6612f680e10537e7e7de04a2,cyekelph@npr.org,Carmon Yekel,Employee,FALSE
6612f680e10537e7e7de04a3,ichatenierpi@privacy.gov.au,Indira Chatenier,Intern,FALSE
6612f680e10537e7e7de04a4,ecoppinpj@guardian.co.uk,Evania Coppin,Admin,TRUE
6612f680e10537e7e7de04a5,fduhampk@spotify.com,Felecia Duham,Employee,FALSE
6612f680e10537e7e7de04a6,jtuckwellpl@nba.com,Jessika Tuckwell,Intern,FALSE
6612f680e10537e7e7de04a7,ngrinawaypm@nsw.gov.au,Norbert Grinaway,Admin,FALSE
6612f680e10537e7e7de04a8,mmaskewpn@skyrock.com,Myer Maskew,Admin,FALSE
6612f680e10537e7e7de04a9,rburlaypo@amazon.de,Richard Burlay,Employee,TRUE
6612f680e10537e7e7de04aa,tshitliffpp@timesonline.co.uk,Tera Shitliff,Employee,FALSE
6612f680e10537e7e7de04ab,atabbpq@narod.ru,Alana Tabb,Intern,FALSE
6612f680e10537e7e7de04ac,cvanbrughpr@linkedin.com,Carmine VanBrugh,Admin,FALSE
6612f680e10537e7e7de04ad,hsilbersakps@java.com,Honey Silbersak,Admin,TRUE
6612f680e10537e7e7de04ae,aradkept@quantcast.com,Aleta Radke,Employee,TRUE
6612f67fe10537e740772ad2,aohartaganpu@japanpost.jp,Ardelia O'Hartagan,Admin,FALSE
6612f67fe10537e740772ad3,ngettenspv@paypal.com,Neel Gettens,Intern,TRUE
6612f67fe10537e740772ad4,aeglintonpw@elegantthemes.com,Alvera Eglinton,Intern,TRUE
6612f67fe10537e740772ad5,shoyspx@chicagotribune.com,Sydelle Hoys,Employee,TRUE
6612f67fe10537e740772ad6,uincognapy@plala.or.jp,Ulla Incogna,Admin,TRUE
6612f67fe10537e740772ad7,bgilleonpz@samsung.com,Buiron Gilleon,Intern,TRUE
6612f67fe10537e740772ad8,tcahanq0@nature.com,Trent Cahan,Admin,FALSE
6612f67fe10537e740772ad9,jnorthridgeq1@intel.com,Jarrod Northridge,Admin,TRUE
6612f67fe10537e740772ada,rkleiserq2@51.la,Reggie Kleiser,Employee,TRUE
6612f67fe10537e740772adb,dclouttq3@cnn.com,Denis Cloutt,Employee,TRUE
6612f67fe10537e740772adc,ptokleyq4@bing.com,Phyllida Tokley,Employee,TRUE
6612f67fe10537e740772add,wwillimentq5@istockphoto.com,Warden Williment,Admin,TRUE
6612f67fe10537e740772ade,kliverq6@nationalgeographic.com,Kimmy Liver,Intern,TRUE
6612f67fe10537e740772adf,tbondarq7@i2i.jp,Tova Bondar,Intern,TRUE
6612f67fe10537e740772ae0,dtolworthieq8@constantcontact.com,Dorie Tolworthie,Employee,TRUE
6612f67fe10537e740772ae1,dmapstoneq9@123-reg.co.uk,Darsey Mapstone,Employee,FALSE
6612f67fe10537e740772ae2,jvasiltsovqa@usa.gov,Jolene Vasiltsov,Admin,TRUE
6612f67fe10537e740772ae3,pdenisetqb@bloglines.com,Phyllis Deniset,Intern,TRUE
6612f67fe10537e740772ae4,jpicottqc@nationalgeographic.com,Julissa Picott,Employee,TRUE
6612f67fe10537e740772ae5,rpollenqd@wisc.edu,Rosalyn Pollen,Admin,TRUE
6612f67fe10537e740772ae6,mbaughamqe@cisco.com,Mitchael Baugham,Admin,TRUE
6612f67fe10537e740772ae7,dlamballqf@wordpress.org,Damaris Lamball,Admin,TRUE
6612f67fe10537e740772ae8,igrigoryovqg@answers.com,Ines Grigoryov,Employee,FALSE
6612f680e10537e740772ae9,bwayeqh@nationalgeographic.com,Brandyn Waye,Employee,FALSE
6612f680e10537e740772aea,lmckaileqi@feedburner.com,Lorelle McKaile,Intern,FALSE
6612f680e10537e740772aeb,zmerringqj@fastcompany.com,Zulema Merring,Intern,TRUE
6612f680e10537e740772aec,ecotherillqk@latimes.com,Emmit Cotherill,Employee,FALSE
6612f680e10537e740772aed,fpaigeql@usa.gov,Fredi Paige,Employee,FALSE
6612f680e10537e740772aee,shickinqm@sakura.ne.jp,Stoddard Hickin,Employee,FALSE
6612f680e10537e740772aef,ineilsonqn@unc.edu,Ingeborg Neilson,Employee,FALSE
6612f680e10537e740772af0,cfunnellqo@digg.com,Chrisse Funnell,Intern,TRUE
6612f680e10537e8d6b75b64,wlatteyqp@blogs.com,Wayne Lattey,Admin,FALSE
6612f680e10537e8d6b75b65,ereggioqq@hp.com,Eustace Reggio,Intern,TRUE
6612f680e10537e8d6b75b66,sguillotonqr@google.cn,Simone Guilloton,Admin,FALSE
6612f680e10537e8d6b75b67,ahowshipqs@com.com,Analise Howship,Admin,FALSE
6612f680e10537e8d6b75b68,bamesqt@upenn.edu,Bendick Ames,Employee,TRUE
6612f680e10537e8d6b75b69,mbowenqu@slashdot.org,Mufinella Bowen,Intern,TRUE
6612f680e10537e8d6b75b6a,wneylanqv@imgur.com,Werner Neylan,Admin,TRUE
6612f680e10537e8d6b75b6b,vcurneenqw@utexas.edu,Vin Curneen,Intern,FALSE
6612f680e10537e8d6b75b6c,vphillippoqx@google.com,Valina Phillippo,Admin,FALSE
6612f680e10537e8d6b75b6d,mhamberstoneqy@nytimes.com,Margaretha Hamberstone,Employee,FALSE
6612f680e10537e8d6b75b6e,jshovellerqz@infoseek.co.jp,Janis Shoveller,Employee,FALSE
6612f680e10537e8d6b75b6f,tgiffr0@businessweek.com,Teddy Giff,Employee,FALSE
6612f680e10537e8d6b75b70,gpickhaverr1@google.com,Garik Pickhaver,Admin,FALSE
6612f680e10537e8d6b75b71,khalwellr2@businessweek.com,Karl Halwell,Admin,TRUE
6612f680e10537e8d6b75b72,dfaulknerr3@java.com,Dulcea Faulkner,Employee,TRUE
6612f680e10537e8d6b75b73,eeuelsr4@ocn.ne.jp,Eal Euels,Admin,FALSE
6612f680e10537e8d6b75b74,arampleer5@sciencedaily.com,Axel Ramplee,Employee,TRUE
6612f680e10537e8d6b75b75,gscottrellr6@google.com.au,Genevra Scottrell,Intern,FALSE
6612f680e10537e8d6b75b76,irosenauerr7@free.fr,Inez Rosenauer,Admin,TRUE
6612f680e10537e8d6b75b77,skubistar8@wordpress.org,Steward Kubista,Employee,TRUE
6612f680e10537e8d6b75b78,mnotor9@weather.com,Martguerita Noto,Intern,TRUE
6612f680e10537e8d6b75b79,vwannra@bravesites.com,Vivi Wann,Intern,FALSE
6612f680e10537e8d6b75b7a,achristinrb@google.it,Anita Christin,Employee,FALSE
6612f680e10537e8d6b75b7b,ffraysrc@wordpress.org,Finn Frays,Intern,FALSE
6612f680e10537e8d6b75b7c,lwhymanrd@house.gov,Lynna Whyman,Employee,TRUE
6612f680e10537e8d6b75b7d,soakenfallre@japanpost.jp,Sonnie Oakenfall,Employee,FALSE
6612f680e10537e8d6b75b7e,kguidellirf@nba.com,Kristel Guidelli,Intern,FALSE
6612f680e10537e8d6b75b7f,dpocklingtonrg@toplist.cz,Deloris Pocklington,Employee,TRUE
6612f680e10537e8d6b75b80,tastonrh@technorati.com,Theodor Aston,Intern,FALSE
6612f680e10537e8d6b75b81,ggamwellri@sbwire.com,Garek Gamwell,Intern,FALSE
6612f680e10537e8d6b75b82,fcampanellirj@hubpages.com,Foss Campanelli,Intern,FALSE
6612f680e10537e8d6b75b83,ilaxtonrk@wikispaces.com,Ignacio Laxton,Intern,FALSE
6612f680e10537e8d6b75b84,thuglinrl@dropbox.com,Tamera Huglin,Intern,FALSE
6612f680e10537e8d6b75b85,dbainerm@trellian.com,Devondra Baine,Admin,FALSE
6612f680e10537e8d6b75b86,mbaylissrn@cnet.com,Melodee Bayliss,Admin,FALSE
6612f680e10537e8d6b75b87,rgilmartinro@sciencedirect.com,Rina Gilmartin,Employee,FALSE
6612f680e10537e8d6b75b88,joguzrp@flavors.me,Janeen Oguz,Employee,FALSE
6612f680e10537e8d6b75b89,hbullasrq@bloomberg.com,Harriot Bullas,Intern,FALSE
6612f680e10537e8d6b75b8a,pwoodwardrr@artisteer.com,Pasquale Woodward,Employee,FALSE
660a40c5c044b594e5a10650,avikpat@gmail.com,Avik Pathak,Admin,FALSE
660e2f9b9fbfe3dca8e1594e,johndoe.intern@gmail.com,John Doe,Intern,TRUE
660e2fb59fbfe3dca8e15951,lisajohnson.employee@gmail.com,Lisa Johnson,Employee,TRUE
660e30889fbfe3dca8e15954,alicesmith.intern@gmail.com,Alice Smith,Intern,TRUE
660e309e9fbfe3dca8e15957,davidjones.intern@gmail.com,David Jones,Intern,TRUE
660e31339fbfe3dca8e1595a,emilywilson.intern@gmail.com,Emily Wilson,Intern,TRUE
660e31499fbfe3dca8e1595d,michaelbrown.intern@gmail.com,Michael Brown,Intern,TRUE
660e315d9fbfe3dca8e15960,robertjackson.employee@gmail.com,Robert Jackson,Employee,TRUE
660e316f9fbfe3dca8e15963,sarahmiller.employee@gmail.com,Sarah Miller,Employee,TRUE
660e31909fbfe3dca8e15966,williamtaylor.employee@gmail.com,William Taylor,Employee,TRUE
660e31b79fbfe3dca8e15969,jessicawhite.employee@gmail.com,Jessica White,Employee,TRUE
661247cbad3b645a6e497afb,avikpathak2000@gmail.com,Avik Pathak,Intern,TRUE
6612a81d8de62b148c0c3e3e,soumo.jeet.0601@gmail.com,Soumyajit Choudhury,Intern,TRUE
